question_id,subject,model,agent_type,agent_display,response,correct_answer,is_correct,fact_score,quality_score,judge_reasoning,detected_subject,latency_ms
Question_Paper_26_p23_q112,Biology,Llama 3.1 8B,vanilla,Vanilla ANEETAA,"The correct option is (C): Statement I is correct but Statement II is false. 

Explanation: 
Endarch condition refers to the position of secondary xylem in dicot stems, where it is formed on both sides of protoxylem. Exarch condition is seen in monocots and gymnosperms, where secondary xylem is formed only on one side of protoxylem. The exarch condition is indeed a common feature of the root system, but this does not make statement I incorrect as it specifically refers to dicot stems.",D,False,0,4,"The explanation lacks clarity and proper use of biological terminology, as it incorrectly associates endarch and exarch conditions with secondary xylem, which is not accurate. The logical reasoning is flawed because it does not clearly differentiate between the terms endarch and exarch in the context of primary xylem arrangement, which is crucial for understanding the statements. Additionally, the explanation does not adequately justify why Statement I is considered correct, leading to confusion about the application of scientific principles.",Biology,5420.9
Question_Paper_26_p23_q112,Biology,Llama 3.1 8B,dspy_baseline,DSPy Baseline,C: Statement I is correct but Statement II is false,D,False,0,3,"The explanation lacks clarity and logical reasoning, as it does not provide any detailed analysis or justification for why Statement I is considered correct and Statement II is considered false. There is no use of biological terminology or principles to explain the terms ""endarch"" and ""exarch,"" nor is there any discussion of their relevance to the root system or secondary xylem. The response fails to demonstrate a step-by-step approach or any scientific reasoning, making it difficult to understand the rationale behind the chosen answer.",Biology,8562.4
Question_Paper_26_p23_q112,Biology,Llama 3.1 8B,dspy_bootstrap,DSPy Bootstrap,A,D,False,0,2,"The MCQ solver's response lacks any explanation or reasoning, providing only an answer choice without any supporting information. There is no use of biological terminology, no logical reasoning or step-by-step approach, and no application of scientific principles to justify the choice. The absence of an explanation makes it impossible to evaluate the clarity, logical reasoning, or correctness of the method.",Biology,4726.3
Question_Paper_26_p23_q112,Biology,Llama 3.1 8B,dspy_mipro,DSPy MIPROv2,A: Both Statement I and Statement II are true,D,False,0,2,"The explanation lacks clarity and logical reasoning, as it does not provide any justification or detailed analysis of the statements. There is no use of biological terminology or principles to explain why both statements are considered true. The response fails to demonstrate a step-by-step approach or any reasoning process, making it difficult to assess the correctness of the method.",Biology,2321.9
Question_Paper_26_p23_q112,Biology,Gemma2 9B,vanilla,Vanilla ANEETAA,"**Answer:** A: Both Statement I and Statement II are true

**Explanation:**

* **Statement I:**  Endarch and exarch refer to the arrangement of secondary xylem (wood) within a plant's vascular bundles. 
    * **Endarch:** Xylem develops towards the center (inside) of the vascular bundle. This is typical of stems.
    * **Exarch:** Xylem develops towards the outside (edge) of the vascular bundle. This is common in roots.

* **Statement II:**  The exarch condition, where xylem faces outwards, is indeed the most prevalent arrangement found in root systems.",D,False,0,7,"The explanation provides a clear and concise description of the terms ""endarch"" and ""exarch,"" using appropriate biological terminology and explaining their typical occurrences in plant structures. The logical reasoning is sound, as it correctly associates endarch with stems and exarch with roots, providing a step-by-step clarification of each term. However, the explanation could be improved by explicitly addressing the context of secondary xylem, as the terms are more commonly associated with primary xylem, which might lead to some confusion.",Biology,4383.1
Question_Paper_26_p23_q112,Biology,Gemma2 9B,dspy_baseline,DSPy Baseline,A,D,False,0,2,"The MCQ solver's response lacks any explanation or reasoning for the chosen answer. There is no use of biological terminology or any attempt to clarify the concepts of endarch and exarch, nor is there any logical reasoning provided to justify the selection of option A. The response fails to demonstrate an understanding of the biological principles involved, resulting in a very low score for explanation quality.",Biology,6054.2
Question_Paper_26_p23_q112,Biology,Gemma2 9B,dspy_bootstrap,DSPy Bootstrap,A,D,False,0,2,"The MCQ solver's response lacks any explanation or reasoning, providing only an answer choice without any supporting information. There is no use of biological terminology, no logical reasoning or step-by-step approach, and no application of scientific principles to justify the choice. This absence of explanation makes it impossible to assess the clarity, logical reasoning, or correctness of the method.",Biology,2217.6
Question_Paper_26_p23_q112,Biology,Gemma2 9B,dspy_mipro,DSPy MIPROv2,A,D,False,0,2,"The MCQ solver's response lacks any explanation or reasoning, providing only an answer choice without any supporting information. There is no use of biological terminology, no logical reasoning or step-by-step approach, and no application of scientific principles to justify the chosen answer. This absence of explanation makes it impossible to assess the clarity, logical reasoning, or correctness of the method.",Biology,5823.6
Question_Paper_26_p23_q112,Biology,Mistral Nemo 12B,vanilla,Vanilla ANEETAA,"**Answer:** C

**Explanation:**
- **Statement I:** True. Endarch refers to secondary xylem (wood) present throughout the circumference of the stem, while exarch refers to secondary xylem present only on one side or in a sector of the stem.
- **Statement II:** False. The most common feature of the root system is that it has an exarch condition initially during primary growth but becomes endarch upon secondary growth due to the presence of a distinct cambium layer.

**Translation:**
- **statement I:** 真
- **statement II:** 假",D,False,0,4,"The explanation lacks clarity and proper use of biological terminology, as it incorrectly describes endarch and exarch in the context of secondary xylem, which is not accurate. The logical reasoning is flawed because it does not correctly explain the concepts of endarch and exarch in relation to primary and secondary growth. Additionally, the explanation does not adequately justify why Statement II is false, leading to confusion about the biological principles involved.",Biology,7025.3
Question_Paper_26_p23_q112,Biology,Mistral Nemo 12B,dspy_baseline,DSPy Baseline,C: Statement I is correct but Statement II is false,D,False,0,3,"The explanation lacks clarity and logical reasoning. It does not provide any detailed analysis or justification for why Statement I is considered correct and Statement II is considered false. There is no use of biological terminology or principles to explain the terms ""endarch"" and ""exarch,"" nor is there any discussion of their relevance to the root system or secondary xylem. The response fails to demonstrate a step-by-step approach or any scientific reasoning, making it difficult to understand the rationale behind the chosen answer.",Biology,5685.1
Question_Paper_26_p23_q112,Biology,Mistral Nemo 12B,dspy_bootstrap,DSPy Bootstrap,A,D,False,0,2,"The MCQ solver's response lacks any explanation or reasoning for the chosen answer. There is no use of biological terminology or any attempt to clarify the concepts of ""endarch"" and ""exarch"" or their relevance to the plant body and root system. The response does not demonstrate logical reasoning or application of biological principles, as it simply provides an answer without any supporting information or justification.",Biology,2360.3
Question_Paper_26_p23_q112,Biology,Mistral Nemo 12B,dspy_mipro,DSPy MIPROv2,C,D,False,0,3,"The explanation lacks clarity as it does not provide any detailed reasoning or use of biological terminology to justify the choice of answer. There is no step-by-step approach or logical reasoning presented to explain why Statement I is considered correct and Statement II is considered false. The response fails to apply scientific principles or provide any context about endarch and exarch conditions, which are crucial for understanding the statements.",Biology,8437.6
Question_Paper_38_p14_q75,Chemistry,Llama 3.1 8B,vanilla,Vanilla ANEETAA,"Assertion A: True

Reason R: True

Explanation:
The equation Δ_rG = -nFE_cell represents the relationship between the standard Gibbs free energy change (Δ_rG) and the cell potential (E_cell). Here, n is the number of electrons transferred in the reaction.

Since E_cell is an intensive property, its value does not depend on the amount of substance. However, Δ_rG is an extensive property because it depends on the amount of substance (in this case, the number of moles of electrons transferred).

Therefore, both Assertion A and Reason R are true, but Reason R is not the correct explanation for Assertion A.

Correct option: C",C,True,10,9,"The explanation is clear and well-structured, using appropriate terminology such as ""intensive"" and ""extensive"" properties, which are crucial to understanding the relationship between Δ_rG and E_cell. The logical reasoning is strong, as it correctly identifies the roles of n, E_cell, and Δ_rG in the equation, and explains why Δ_rG depends on n. The explanation effectively applies scientific principles to justify the truth of both statements, although it could slightly improve by explicitly connecting the reasoning to the assertion's dependency on n.",Chemistry,5583.9
Question_Paper_38_p14_q75,Chemistry,Llama 3.1 8B,dspy_baseline,DSPy Baseline,B,C,False,0,2,"The MCQ solver's response lacks any explanation or reasoning for the chosen answer. There is no use of proper terminology, no step-by-step approach, and no justification provided for the selection of option B. The response fails to demonstrate any logical reasoning or application of scientific principles, making it difficult to assess the clarity or correctness of the method.",Chemistry,6940.3
Question_Paper_38_p14_q75,Chemistry,Llama 3.1 8B,dspy_bootstrap,DSPy Bootstrap,D,C,False,0,2,"The MCQ solver's response lacks any explanation or reasoning for the chosen answer. There is no use of proper terminology, no step-by-step approach, and no justification provided for the selection of option D. The response fails to demonstrate any understanding of the chemistry concepts involved, such as the relationship between Gibbs free energy, cell potential, and the properties of intensive and extensive variables.",Chemistry,3103.3
Question_Paper_38_p14_q75,Chemistry,Llama 3.1 8B,dspy_mipro,DSPy MIPROv2,D: A is true but R is false,C,False,0,4,"The explanation lacks clarity and logical reasoning. The response does not provide any detailed explanation or justification for why Assertion A is true or why Reason R is false. There is no discussion of the relationship between \(\Delta_rG\), \(n\), and \(E_{cell}\), nor is there any explanation of why \(E_{cell}\) being an intensive property and \(\Delta_rG\) being an extensive property affects the assertion. The response fails to apply scientific principles or provide a structured argument, resulting in a low score for explanation quality.",Chemistry,2623.3
Question_Paper_38_p14_q75,Chemistry,Gemma2 9B,vanilla,Vanilla ANEETAA,"**Answer:** B

**Explanation:**

* **Assertion A:** The assertion is true.  Δ<sub>r</sub>G (Gibbs free energy change) in a redox reaction is directly proportional to 'n', the number of electrons transferred in the balanced chemical equation. A larger 'n' value means more electrons are involved, leading to a greater change in Gibbs free energy.

* **Reason R:** The reason is also true. E<sub>cell</sub> (cell potential) is an intensive property because it depends on the nature of the reactants and products, not the amount present. Δ<sub>r</sub>G (Gibbs free energy change) is an extensive property because it depends on the amount of substance involved in the reaction.

* **Explanation:** The reason correctly explains the assertion. Since E<sub>cell</sub> is intensive and Δ<sub>r</sub>G is extensive, the relationship between them as shown in the equation Δ<sub>r</sub>G = -nFE<sub>cell</sub>  is influenced by 'n' (the number of electrons transferred), which directly affects the extent of the reaction.",C,False,0,9,"The explanation is clear and well-structured, using proper terminology such as ""intensive"" and ""extensive"" properties, which enhances clarity. The logical reasoning is strong, as it provides a step-by-step justification of how the properties of E<sub>cell</sub> and Δ<sub>r</sub>G relate to the equation and the role of 'n'. The explanation correctly applies scientific principles, demonstrating a solid understanding of the relationship between Gibbs free energy change and the number of electrons transferred.",Chemistry,7356.7
Question_Paper_38_p14_q75,Chemistry,Gemma2 9B,dspy_baseline,DSPy Baseline,B,C,False,0,2,"The MCQ solver's response lacks any explanation or reasoning for the chosen answer. There is no use of proper terminology, no step-by-step approach, and no justification provided for the selection of option B. The response fails to demonstrate any logical reasoning or application of scientific principles, making it difficult to assess the clarity, logical reasoning, or correctness of the method.",Chemistry,9690.6
Question_Paper_38_p14_q75,Chemistry,Gemma2 9B,dspy_bootstrap,DSPy Bootstrap,C,C,True,10,4,"The explanation lacks clarity and logical reasoning. The response does not provide any detailed explanation or justification for why both the assertion and reason are true, nor does it explain why the reason is not the correct explanation of the assertion. There is no discussion of the relationship between \(\Delta_rG\), \(n\), and \(E_{cell}\), or the concepts of intensive and extensive properties, which are crucial for understanding the problem. The response fails to apply scientific principles effectively, resulting in a low-quality explanation.",Chemistry,8396.2
Question_Paper_38_p14_q75,Chemistry,Gemma2 9B,dspy_mipro,DSPy MIPROv2,C,C,True,10,3,"The MCQ solver's response lacks any explanation or reasoning for the chosen answer. There is no use of proper terminology or structured response to clarify the relationship between \(\Delta_rG\), \(n\), and \(E_{cell}\). The solver fails to provide a step-by-step approach or justification for the selection of option C, resulting in a lack of clarity and logical reasoning.",Chemistry,10048.4
Question_Paper_38_p14_q75,Chemistry,Mistral Nemo 12B,vanilla,Vanilla ANEETAA,"**Answer:** B

**Explanation:**
- Assertion A is true. In the equation ΔrG = -nFEcell, the value of ΔrG indeed depends on n (the number of electrons transferred).
- Reason R is also true. Ecell is an intensive property (it's a characteristic of the cell itself and doesn't depend on the amount of substance), while ΔrG is an extensive property (it depends on the amount of reaction taking place).
- However, reason R is not the correct explanation for assertion A. The dependence of ΔrG on n is due to the term -nFEcell in the equation, not because Ecell is intensive and ΔrG is extensive.

So, the correct answer is B: Both A and R are true but R is NOT the correct explanation of A.",C,False,0,8,"The explanation is clear and well-structured, using appropriate terminology to distinguish between intensive and extensive properties. The logical reasoning is sound, as it correctly identifies the relationship between ΔrG and n, and explains why the reason does not directly explain the assertion. However, the solver incorrectly concludes that the correct answer is B, which slightly detracts from the overall clarity and correctness of the method.",Chemistry,7859.9
Question_Paper_38_p14_q75,Chemistry,Mistral Nemo 12B,dspy_baseline,DSPy Baseline,A: A is true but R is false,C,False,0,6,"The explanation provided by the MCQ solver lacks clarity and depth. While it correctly identifies the relationship between the variables in the equation \(\Delta_rG = -nFE_{cell}\), it does not adequately explain why the assertion is true or why the reason is false. The response fails to clearly articulate the concepts of intensive and extensive properties and how they relate to the equation, which affects the logical reasoning and correctness of the method. A more detailed explanation of these concepts and their implications would improve the response.",Chemistry,6749.2
Question_Paper_38_p14_q75,Chemistry,Mistral Nemo 12B,dspy_bootstrap,DSPy Bootstrap,D,C,False,0,2,"The MCQ solver's response lacks any explanation or reasoning for the chosen answer. There is no use of proper terminology, no step-by-step approach, and no justification provided for the selection of option D. The response fails to demonstrate any logical reasoning or application of scientific principles, making it difficult to assess the clarity, logical reasoning, or correctness of the method.",Chemistry,3134.3
Question_Paper_38_p14_q75,Chemistry,Mistral Nemo 12B,dspy_mipro,DSPy MIPROv2,D,C,False,0,2,"The MCQ solver's response lacks any explanation or reasoning, providing only the final answer without any supporting details. There is no use of proper terminology, no step-by-step approach, and no justification for the choice made. The response fails to demonstrate any logical reasoning or application of scientific principles, making it difficult to assess the quality of the explanation.",Chemistry,6495.2
Question_Paper_12_p19_q49,Physics,Llama 3.1 8B,vanilla,Vanilla ANEETAA,"To find the magnitude of electric field intensity at a distance R, we can use the formula for the electric field due to a point charge:

E = k * q / r^2

where E is the electric field strength, k is Coulomb's constant, q is the charge, and r is the distance from the charge.

In this case, there are two charges: -q and +q. We can find the total electric field by adding the contributions of each charge:

E_total = E_(-q) + E(+q)

Since R >> L, we can use the approximation that the electric field due to each charge is approximately equal to the electric field at a distance R from the center of the charges.

Using the formula above, we get:

E_(-q) ≈ k * q / (R - L/2)^2
E(+q) ≈ k * q / (R + L/2)^2

Substituting these expressions into the equation for E_total, we get:

E_total ≈ k * q / (R - L/2)^2 + k * q / (R + L/2)^2

Simplifying this expression, we get:

E_total ≈ 2kq/R^2

However, since R >> L, the terms involving L in the denominator are negligible. Therefore, we can approximate E_total as:

E_total ≈ 2kq/R^2

The magnitude of electric field intensity varies as 1/R^2.

Answer: B",C,False,0,6,"The explanation uses proper terminology and provides a clear step-by-step approach to solving the problem, which contributes positively to clarity and logical reasoning. However, the explanation lacks a detailed justification for the approximation used (R >> L) and does not fully explore the implications of this assumption on the electric field contributions from each charge. Additionally, the simplification step is not thoroughly explained, which affects the correctness of the method. Overall, while the response is structured and uses appropriate physics principles, it could benefit from more detailed reasoning and justification.",Physics,7730.6
Question_Paper_12_p19_q49,Physics,Llama 3.1 8B,dspy_baseline,DSPy Baseline,B,C,False,0,2,"The explanation lacks clarity and logical reasoning, as it does not provide any step-by-step approach or justification for the chosen answer. There is no use of proper terminology or definitions of variables, and the response fails to apply any scientific principles or methodology to explain how the electric field intensity varies with distance. The explanation is essentially non-existent, offering only the final answer without any supporting reasoning.",Physics,13911.1
Question_Paper_12_p19_q49,Physics,Llama 3.1 8B,dspy_bootstrap,DSPy Bootstrap,B,C,False,0,2,"The explanation lacks clarity and logical reasoning, as it does not provide any step-by-step approach or justification for choosing option B. There is no use of proper terminology or definitions, and the response fails to apply any scientific principles or methodology to explain the variation of electric field intensity with distance. The explanation is essentially non-existent, offering no insight into the reasoning process.",Physics,5084.7
Question_Paper_12_p19_q49,Physics,Llama 3.1 8B,dspy_mipro,DSPy MIPROv2,D: \frac{1}{R^4},C,False,0,5,"The explanation lacks clarity and logical reasoning, as it does not provide a step-by-step approach or define variables and terms used in the problem. There is no clear justification or application of physics principles, such as the superposition principle or the concept of electric field due to point charges, to explain how the electric field intensity varies with distance. The response needs a more structured explanation to effectively communicate the reasoning process.",Physics,8569.1
Question_Paper_12_p19_q49,Physics,Gemma2 9B,vanilla,Vanilla ANEETAA,"The correct answer is **(D) 1/R⁴**

**Explanation:**

When the distance R is much larger than the separation between the charges (L), we can approximate the electric field due to each charge as if they were point charges located at the origin.  

* **Electric Field Due to a Point Charge:** The electric field (E) produced by a point charge (q) at a distance (r) is given by: 
   E = k * |q| / r² 
   where k is Coulomb's constant.

* **Superposition Principle:** The total electric field at a point due to multiple charges is the vector sum of the electric fields produced by each individual charge.

In this case, we have two charges: -q and +q.  Since they are equal in magnitude but opposite in sign, their electric fields will point in opposite directions. However, because R >> L, the contributions from both charges will be approximately equal in magnitude at a distance R. 

Therefore, the net electric field at a distance R is:
E_net = E₁ + E₂  ≈ (k * |-q| / R²) + (k * |+q| / R²) = 2 * (k * q / R²)

Since k and q are constants, the magnitude of the electric field varies as **1/R²**.",C,False,0,5,"The explanation uses proper terminology and provides a clear description of the electric field due to a point charge and the superposition principle, which contributes to clarity. However, the logical reasoning is flawed because it incorrectly assumes that the net electric field at a large distance R is simply the sum of the fields from the two charges without considering the dipole nature of the system. The explanation lacks a step-by-step approach to derive the correct variation of the electric field for a dipole, which affects the correctness of the method.",Physics,7782.3
Question_Paper_12_p19_q49,Physics,Gemma2 9B,dspy_baseline,DSPy Baseline,0,C,False,0,1,"The response lacks any explanation or reasoning, providing no clarity, logical reasoning, or application of physics principles. There is no use of terminology, no step-by-step approach, and no justification for any answer, making it impossible to evaluate the quality of the explanation.",Physics,9775.2
Question_Paper_12_p19_q49,Physics,Gemma2 9B,dspy_bootstrap,DSPy Bootstrap,C,C,True,10,2,"The explanation lacks clarity and logical reasoning, as it does not provide any step-by-step approach or justification for the chosen answer. There is no use of proper terminology or definitions, and the response fails to apply any scientific principles or methodology to explain how the magnitude of electric field intensity varies with distance R. The response is essentially just a selection of an option without any accompanying explanation.",Physics,7238.0
Question_Paper_12_p19_q49,Physics,Gemma2 9B,dspy_mipro,DSPy MIPROv2,B,C,False,0,2,"The explanation lacks clarity and logical reasoning, as it does not provide any step-by-step approach or justification for the chosen answer. There is no use of proper terminology or definitions of variables, and the response fails to apply any scientific principles or methodology to explain how the electric field intensity varies with distance. The explanation is essentially non-existent, offering only a final answer without any supporting reasoning.",Physics,9436.1
Question_Paper_12_p19_q49,Physics,Mistral Nemo 12B,vanilla,Vanilla ANEETAA,"The correct answer is B: $\frac{1}{R^2}$.

Explanation in English:
According to Coulomb's law, the electric field intensity (E) at a distance R from a point charge Q is given by E = kQ/R², where k is Coulomb's constant. In this case, we have two charges +q and -q placed at a distance L apart. The net electric field at a distance R (where R >> L) will be the sum of the fields due to each charge individually.

The electric field intensity due to charge +q at point P is E₁ = k(q/R₁²), where R₁ ≈ R since R >> L.
Similarly, the electric field intensity due to charge -q at point P is E₂ = k(-q/R₂²), where R₂ ≈ R.

The net electric field intensity at point P is E = E₁ + E₂ ≈ k(q/R²) + k(-q/R²) = 0, since q and -q cancel each other out.

However, the question asks for the variation of electric field intensity with distance R. Since the electric field intensity remains constant (zero) at all distances R (where R >> L), it does not vary with R. Therefore, none of the options A, B, C, or D is correct in this context.

But if we consider the electric potential energy (U) instead of electric field intensity, then U varies as 1/R² for two point charges placed at a distance L apart. So, the answer would be B: $\frac{1}{R^2}$ for electric potential energy variation with distance R.",C,False,0,4,"The explanation lacks clarity and logical reasoning. It incorrectly applies the concept of electric field cancellation for a dipole at large distances, leading to a misunderstanding of the problem. The response confuses electric field intensity with electric potential energy, which indicates a misapplication of physics principles. The explanation is not well-structured and fails to provide a coherent step-by-step analysis of the electric field variation with distance R.",Physics,9681.4
Question_Paper_12_p19_q49,Physics,Mistral Nemo 12B,dspy_baseline,DSPy Baseline,B: \frac{1}{R^2},C,False,0,4,"The explanation lacks clarity and logical reasoning, as it does not provide a step-by-step approach or define variables and terms used in the problem. There is no discussion of the principles of electric fields or how the distance R affects the field intensity. The response fails to justify the choice of the answer with proper scientific reasoning or equations, making it difficult to follow the thought process.",Physics,6842.2
Question_Paper_12_p19_q49,Physics,Mistral Nemo 12B,dspy_bootstrap,DSPy Bootstrap,B,C,False,0,2,"The explanation lacks clarity and logical reasoning, as it does not provide any step-by-step approach or justification for the chosen answer. There is no use of proper terminology or definitions of variables, and the response fails to apply any scientific principles or methodology to explain how the electric field intensity varies with distance. The explanation is essentially non-existent, offering only the final answer without any supporting reasoning.",Physics,6421.3
Question_Paper_12_p19_q49,Physics,Mistral Nemo 12B,dspy_mipro,DSPy MIPROv2,B,C,False,0,2,"The explanation lacks clarity and logical reasoning, as it does not provide any step-by-step approach or justification for choosing option B. There is no use of proper terminology or definitions, and the response fails to apply any scientific principles or methodology to explain how the electric field intensity varies with distance R. The explanation is essentially non-existent, offering no insight into the reasoning process.",Physics,9412.1
Question_Paper_37_p30_q140,Biology,Llama 3.1 8B,vanilla,Vanilla ANEETAA,"The correct option is (D): Statement I is correct, Statement II is false.

Explanation:
Gause’s ‘Competitive Exclusion Principle’ states that two closely related species competing for the same resources cannot co-exist indefinitely and competitively inferior one will be eliminated eventually. This principle is true.
In general, carnivores are more adversely affected by competition than herbivores is not correct because both carnivores and herbivores can be affected by competition but in different ways.",D,True,10,7,"The explanation is clear and uses appropriate biological terminology, particularly in describing Gause's Competitive Exclusion Principle. The logical reasoning is adequate, as it correctly identifies the principle and provides a brief justification for why Statement II is false. However, the explanation could be improved by elaborating on why carnivores and herbivores experience competition differently, which would enhance the depth of the reasoning and provide a more comprehensive understanding of the concepts involved.",Biology,5204.4
Question_Paper_37_p30_q140,Biology,Llama 3.1 8B,dspy_baseline,DSPy Baseline,B,D,False,0,2,"The MCQ solver's response lacks any explanation or reasoning for the chosen answer. There is no use of biological terminology, no logical reasoning or step-by-step approach provided, and no application of scientific principles to justify the selection of option B. The response is simply a selection of an answer without any accompanying explanation, which significantly diminishes the clarity and logical reasoning aspects of the evaluation criteria.",Biology,2088.9
Question_Paper_37_p30_q140,Biology,Llama 3.1 8B,dspy_bootstrap,DSPy Bootstrap,D,D,True,10,2,"The MCQ solver's response lacks any explanation or reasoning, providing only the final answer choice ""D"" without any supporting information. There is no use of biological terminology, no logical reasoning or step-by-step approach, and no application of scientific principles to justify the choice. This absence of explanation makes it impossible to evaluate the clarity, logical reasoning, or correctness of the method.",Biology,35.8
Question_Paper_37_p30_q140,Biology,Llama 3.1 8B,dspy_mipro,DSPy MIPROv2,"D: Statement I is correct, Statement II is false.",D,True,10,7,"The explanation provided by the MCQ solver is clear and uses appropriate biological terminology, particularly in describing Gause's Competitive Exclusion Principle. The logical reasoning is sound, as it correctly identifies the principle's implication that two species competing for the same resources cannot coexist indefinitely. However, the explanation lacks depth in addressing Statement II, as it does not provide a detailed rationale for why carnivores might not be more adversely affected by competition than herbivores. The response could be improved by elaborating on the ecological dynamics that influence competition among different trophic levels.",Biology,4076.2
Question_Paper_37_p30_q140,Biology,Gemma2 9B,vanilla,Vanilla ANEETAA,"**Answer:** B: Both Statement I and Statement II are true.

**Explanation:**

* **Statement I:** Gause's Competitive Exclusion Principle is a fundamental concept in ecology. It states that two species competing for the same limiting resources cannot coexist indefinitely. The species with a slight competitive advantage will eventually outcompete and eliminate the other. This principle highlights the importance of resource partitioning and niche differentiation in maintaining biodiversity.

* **Statement II:** Carnivores are generally more adversely affected by competition than herbivores because they have a narrower range of food sources compared to herbivores.  A decline in prey populations due to competition can directly impact carnivore survival, as they rely on a specific set of animals for sustenance. Herbivores often have more diverse diets and can adapt to changes in plant availability more readily.",D,False,0,8,"The explanation is clear and uses appropriate biological terminology, effectively explaining Gause's Competitive Exclusion Principle and its implications for biodiversity. The logical reasoning is strong, providing a coherent justification for both statements, particularly in explaining why carnivores might be more affected by competition than herbivores. The response correctly applies ecological principles, though it could benefit from a slightly more detailed exploration of the mechanisms behind niche differentiation and resource partitioning.",Biology,6583.1
Question_Paper_37_p30_q140,Biology,Gemma2 9B,dspy_baseline,DSPy Baseline,B,D,False,0,2,"The MCQ solver's response lacks any explanation or reasoning for the chosen answer. There is no use of biological terminology, no logical reasoning or step-by-step approach to justify the selection of option B. The response fails to demonstrate an understanding of the biological principles involved, such as the Competitive Exclusion Principle or the impact of competition on different trophic levels.",Biology,2080.6
Question_Paper_37_p30_q140,Biology,Gemma2 9B,dspy_bootstrap,DSPy Bootstrap,B,D,False,0,1,"The MCQ solver's response lacks any explanation or reasoning for the chosen answer. There is no use of biological terminology, no logical reasoning or step-by-step approach, and no application of scientific principles to justify the selection of option B. The response is simply a selection of an answer without any accompanying explanation, making it impossible to evaluate the quality of reasoning or clarity.",Biology,37.2
Question_Paper_37_p30_q140,Biology,Gemma2 9B,dspy_mipro,DSPy MIPROv2,B,D,False,0,1,"The MCQ solver's response lacks any explanation or reasoning for the chosen answer. There is no use of biological terminology, no logical reasoning or step-by-step approach provided, and no application of scientific principles to justify the selection. The response is simply a choice without any accompanying explanation, making it impossible to evaluate the quality of reasoning or clarity.",Biology,7689.8
Question_Paper_37_p30_q140,Biology,Mistral Nemo 12B,vanilla,Vanilla ANEETAA,"**English Explanation:**

Statement I is based on Gause's Competitive Exclusion Principle, which is a well-established ecological principle. It states that two closely related species competing for the same resources cannot coexist indefinitely; one will eventually outcompete and eliminate the other. This statement is true.

Statement II suggests that carnivores are more adversely affected by competition than herbivores in general. However, this is not universally true. The impact of competition can vary greatly depending on factors such as resource availability, population density, and environmental conditions. Therefore, Statement II is false.

**Translation:**

- Statement I: 盖斯的“竞争排斥原则”陈述，两种密切相关的物种在竞争同一资源时无法长期共存，最终竞争劣势者会被淘汰。这一陈述是正确的。
- Statement II: 通常情况下，肉食动物比草食动物更容易受到竞争的不利影响。然而，这一陈述并非总是正确的。竞争的影响因资源可用性、种群密度和环境条件等因素而异。因此，这一陈述是错误的。

**Answer:** D",D,True,10,8,"The explanation is clear and uses appropriate biological terminology, particularly in describing Gause's Competitive Exclusion Principle. The logical reasoning is strong, as it methodically evaluates each statement, providing justification for why Statement I is true and Statement II is false. The explanation correctly applies ecological principles, demonstrating a good understanding of the concepts involved. However, the response could be improved by providing more detailed examples or evidence to support the evaluation of Statement II.",Biology,8819.2
Question_Paper_37_p30_q140,Biology,Mistral Nemo 12B,dspy_baseline,DSPy Baseline,D: Statement I is correct but Statement II is false.,D,True,10,7,"The explanation provided by the MCQ solver is clear and uses appropriate biological terminology, particularly in describing Gause's Competitive Exclusion Principle. The logical reasoning is sound, as it correctly identifies the principle's implication that two species competing for the same resources cannot coexist indefinitely. However, the explanation lacks depth in addressing Statement II, as it does not provide a detailed justification for why carnivores might not be more adversely affected by competition than herbivores. The response could be improved by elaborating on the ecological dynamics that influence competition among different trophic levels.",Biology,2084.8
Question_Paper_37_p30_q140,Biology,Mistral Nemo 12B,dspy_bootstrap,DSPy Bootstrap,D,D,True,10,2,"The MCQ solver's response lacks any explanation or reasoning for the chosen answer. There is no use of biological terminology, no logical reasoning or step-by-step approach provided, and no application of scientific principles to justify the selection of option D. The response is simply a final answer without any accompanying explanation, which significantly diminishes the clarity and logical reasoning aspects of the evaluation criteria.",Biology,38.3
Question_Paper_37_p30_q140,Biology,Mistral Nemo 12B,dspy_mipro,DSPy MIPROv2,B,D,False,0,1,"The MCQ solver's response lacks any explanation or reasoning for the chosen answer. There is no use of biological terminology, no logical reasoning or step-by-step approach, and no application of scientific principles to justify the selection of option B. The response is simply a selection of an answer without any accompanying explanation, making it impossible to evaluate the quality of reasoning or clarity.",Biology,7804.5
Question_Paper_37_p16_q77,Chemistry,Llama 3.1 8B,vanilla,Vanilla ANEETAA,"The correct answer is (D): A, B, C, E are correct.

Explanation:
Intermolecular forces are the attractive and repulsive forces between molecules. These forces can be classified into four types:

1. Dipole-dipole forces: These occur when two polar molecules interact with each other. The positive end of one molecule is attracted to the negative end of another molecule.
2. Dipole-induced dipole forces: These occur when a polar molecule interacts with a nonpolar molecule. The polar molecule induces a temporary dipole in the nonpolar molecule, which then experiences an attractive force towards the polar molecule.
3. Hydrogen bonding: This is a type of dipole-dipole interaction that occurs between molecules that have hydrogen atoms bonded to highly electronegative atoms (such as oxygen, nitrogen, or fluorine). The hydrogen atom acts as a proton donor, and the electronegative atom acts as an electron acceptor.
4. Dispersion forces: These are also known as London dispersion forces and occur between nonpolar molecules. They arise due to temporary dipoles that form in the molecule due to the movement of electrons.

Covalent bonding is a type of chemical bond that occurs within a molecule, not between molecules, so it is not an intermolecular force.",D,True,10,9,"The explanation is clear and well-structured, using proper terminology to describe each type of intermolecular force. It logically distinguishes between intermolecular forces and covalent bonding, which is an intramolecular force, demonstrating a correct application of chemistry concepts. The step-by-step approach effectively justifies why each force is considered intermolecular, providing a comprehensive understanding of the topic.",Chemistry,6992.4
Question_Paper_37_p16_q77,Chemistry,Llama 3.1 8B,dspy_baseline,DSPy Baseline,"D. A, B, C, E are correct",D,True,10,8,"The explanation provided by the MCQ solver is clear and uses proper terminology, effectively distinguishing between different types of intermolecular forces. The logical reasoning is strong, as it systematically considers each type of force listed in the options and justifies their inclusion as intermolecular forces. The method is correct in applying scientific principles to identify which forces are intermolecular, although the explanation could be slightly improved by briefly explaining why covalent bonding is not considered an intermolecular force.",Chemistry,9886.7
Question_Paper_37_p16_q77,Chemistry,Llama 3.1 8B,dspy_bootstrap,DSPy Bootstrap,D,D,True,10,6,"The explanation provided by the MCQ solver lacks clarity and depth, as it does not elaborate on why each type of force is considered an intermolecular force. While the solver correctly identifies the relevant forces, it fails to explain the nature of each force and why covalent bonding is not included. The logical reasoning is weak due to the absence of a step-by-step approach or justification for excluding covalent bonding, which is crucial for understanding the distinction between intermolecular and intramolecular forces.",Chemistry,8376.2
Question_Paper_37_p16_q77,Chemistry,Llama 3.1 8B,dspy_mipro,DSPy MIPROv2,A,D,False,0,4,"The explanation lacks clarity and logical reasoning, as it does not provide any justification or step-by-step approach to determine which forces are considered intermolecular. The response fails to use proper terminology or scientific principles to differentiate between intermolecular and intramolecular forces, such as covalent bonding, which is incorrectly included without explanation. The lack of structured reasoning and absence of a clear explanation significantly reduce the quality of the response.",Chemistry,9994.6
Question_Paper_37_p16_q77,Chemistry,Gemma2 9B,vanilla,Vanilla ANEETAA,"The correct answer is **D: A, B, C, E are correct**.

**Explanation:**

Intermolecular forces are attractive or repulsive forces that exist between molecules.  Let's break down the options:

* **A. Dipole-dipole forces:** These occur between polar molecules that have a permanent separation of charge (a dipole). The positive end of one molecule is attracted to the negative end of another.
* **B. Dipole-induced dipole forces:** These occur when a polar molecule induces a temporary dipole in a nonpolar molecule. 
* **C. Hydrogen bonding:** This is a special type of strong dipole-dipole interaction that occurs when hydrogen is bonded to a highly electronegative atom (like oxygen, nitrogen, or fluorine).

* **D. Covalent bonding:**  This is an *intramolecular* force, meaning it holds atoms together *within* a molecule, not between different molecules.
* **E. Dispersion forces:** These are weak, temporary attractions that exist between all molecules due to fluctuations in electron distribution. 


Let me know if you have any other questions!",D,True,10,9,"The explanation is clear and well-structured, using proper terminology to describe each type of intermolecular force. The logical reasoning is strong, as the solver systematically evaluates each option, providing justification for why each force is considered intermolecular or not. The explanation correctly applies scientific principles, distinguishing between intermolecular and intramolecular forces, which demonstrates a solid understanding of the concepts involved.",Chemistry,7562.1
Question_Paper_37_p16_q77,Chemistry,Gemma2 9B,dspy_baseline,DSPy Baseline,D,D,True,10,6,"The explanation provided by the MCQ solver lacks clarity and depth, as it does not elaborate on why each type of force is considered an intermolecular force. While the solver correctly identifies the relevant forces, it fails to provide a step-by-step logical reasoning or justification for excluding covalent bonding, which is an intramolecular force. The response would benefit from a more structured approach, clearly distinguishing between intermolecular and intramolecular forces, and explaining the role of each force listed in the options.",Chemistry,9329.6
Question_Paper_37_p16_q77,Chemistry,Gemma2 9B,dspy_bootstrap,DSPy Bootstrap,D,D,True,10,6,"The explanation provided by the MCQ solver lacks clarity and depth, as it does not elaborate on why each type of force is considered an intermolecular force. While the solver correctly identifies the relevant forces, it fails to provide a step-by-step logical reasoning or justification for excluding covalent bonding, which is an intramolecular force. The response would benefit from a more structured approach, clearly distinguishing between intermolecular and intramolecular forces, and explaining the role of each force in the context of the question.",Chemistry,9412.9
Question_Paper_37_p16_q77,Chemistry,Gemma2 9B,dspy_mipro,DSPy MIPROv2,D,D,True,10,6,"The explanation provided by the MCQ solver lacks clarity and logical reasoning. It does not include any detailed explanation or justification for why each type of force is considered an intermolecular force, nor does it differentiate between intermolecular and intramolecular forces like covalent bonding. The response would benefit from a structured approach that clearly defines each type of force and explains their relevance to the question, which would improve the clarity and correctness of the method.",Chemistry,11002.0
Question_Paper_37_p16_q77,Chemistry,Mistral Nemo 12B,vanilla,Vanilla ANEETAA,"The correct answer is D: A, B, C, E are correct.

Explanation:
- Dipole-dipole forces (A) occur between molecules with permanent dipoles.
- Dipole-induced dipole forces (B) happen when a polar molecule induces a temporary dipole in a nearby nonpolar molecule.
- Hydrogen bonding (C) is a specific type of dipole-dipole interaction where hydrogen is bonded to an electronegative atom like nitrogen, oxygen, or fluorine.
- Covalent bonding (D) is a type of chemical bond that holds atoms together in molecules and crystals. It's not an intermolecular force.
- Dispersion forces (E), also known as London dispersion forces, arise due to the instantaneous dipole moment caused by the movement of electrons.

So, options A, B, C, and E represent intermolecular forces, while option D does not.",D,True,10,9,"The explanation is clear and well-structured, using proper terminology to describe each type of intermolecular force. It logically distinguishes between intermolecular forces and covalent bonding, which is not an intermolecular force, demonstrating a strong understanding of chemistry concepts. The reasoning is thorough and justifies why each option is considered an intermolecular force, except for covalent bonding, which is correctly identified as not fitting the category.",Chemistry,7912.3
Question_Paper_37_p16_q77,Chemistry,Mistral Nemo 12B,dspy_baseline,DSPy Baseline,"B: B, C, D, E are correct",D,True,10,4,"The explanation lacks clarity and logical reasoning, as it does not provide a detailed breakdown of why each type of force is considered an intermolecular force. The response fails to use proper terminology or structure the explanation in a way that justifies the inclusion or exclusion of each option. Additionally, there is no application of scientific principles to differentiate between intermolecular and intramolecular forces, which is crucial for understanding the concepts involved.",Chemistry,5767.6
Question_Paper_37_p16_q77,Chemistry,Mistral Nemo 12B,dspy_bootstrap,DSPy Bootstrap,B,D,False,0,4,"The explanation lacks clarity and logical reasoning. It does not provide a structured response or use proper terminology to differentiate between intermolecular and intramolecular forces. The solver fails to justify the inclusion or exclusion of each type of force, such as why covalent bonding is not considered an intermolecular force, which is crucial for understanding the concept. The response does not demonstrate a step-by-step approach or apply scientific principles effectively.",Chemistry,6789.8
Question_Paper_37_p16_q77,Chemistry,Mistral Nemo 12B,dspy_mipro,DSPy MIPROv2,B,D,False,0,4,"The explanation lacks clarity and logical reasoning, as it does not provide any detailed analysis or justification for the selection of intermolecular forces. There is no step-by-step approach or use of proper terminology to differentiate between intermolecular and intramolecular forces, such as covalent bonding. The response fails to apply scientific principles effectively, leaving the reasoning behind the choice of options unexplained.",Chemistry,10988.4
Question_Paper_45_p37_q173,Biology,Llama 3.1 8B,vanilla,Vanilla ANEETAA,"List I corresponds to the diseases and List II corresponds to the causative organisms.

A. Ringworm is caused by a fungus, specifically *Trichophyton* (II).

B. Filariasis is caused by *Wuchereria bancrofti* (III).

C. Malaria is caused by *Plasmodium vivax* (IV).

D. Pneumonia can be caused by various organisms, but one common cause is *Haemophilus influenzae* (I).

Therefore, the correct match is:

A - II, B - III, C - IV, D - I

Hence, the correct option is (C): A-II, B-III, C-IV, D-I",C,True,10,9,"The explanation is clear and uses appropriate biological terminology, effectively matching diseases with their causative organisms. The response is well-structured, with each disease-organism pair logically reasoned and justified. The solver correctly applies biological principles, demonstrating a strong understanding of the mechanisms and processes involved in each disease.",Biology,6084.5
Question_Paper_45_p37_q173,Biology,Llama 3.1 8B,dspy_baseline,DSPy Baseline,"A-II, B-III, C-IV, D-I",C,True,10,8,"The explanation provided by the MCQ solver is clear and uses appropriate biological terminology, such as the names of pathogens and diseases, which enhances clarity. The logical reasoning is strong, as the solver matches each disease with its corresponding pathogen in a step-by-step manner, demonstrating a clear understanding of the relationships between them. The correctness of the method is evident, as the solver applies biological principles accurately to make the connections between diseases and their causative agents. However, the explanation could be improved by providing more detailed reasoning for each match to further enhance clarity and understanding.",Biology,6104.5
Question_Paper_45_p37_q173,Biology,Llama 3.1 8B,dspy_bootstrap,DSPy Bootstrap,"C: A-II, B-III, C-IV, D-I",C,True,10,8,"The explanation provided by the MCQ solver is clear and uses appropriate biological terminology, such as the names of pathogens and diseases, which enhances clarity. The logical reasoning is strong, as the solver matches each disease with its corresponding pathogen in a step-by-step manner, demonstrating a clear understanding of the relationships between them. The correctness of the method is evident, as the solver applies biological principles accurately to make the connections. However, the explanation could be improved by providing more detailed reasoning for each match to further enhance clarity and understanding.",Biology,6793.1
Question_Paper_45_p37_q173,Biology,Llama 3.1 8B,dspy_mipro,DSPy MIPROv2,"A-II, B-III, C-IV, D-I",C,True,10,8,"The explanation provided by the MCQ solver is clear and uses appropriate biological terminology, such as the names of pathogens and diseases, which enhances clarity. The logical reasoning is strong, as the solver matches each disease with its corresponding pathogen in a step-by-step manner, demonstrating a clear understanding of the relationships between them. The correctness of the method is evident, as the solver applies biological principles accurately to make the connections between diseases and their causative agents. However, the explanation could be improved by providing more detailed reasoning for each match to further enhance clarity and understanding.",Biology,4080.4
Question_Paper_45_p37_q173,Biology,Gemma2 9B,vanilla,Vanilla ANEETAA,"The correct answer is **B: A-III, B-II, C-IV, D-I**

Here's why:

* **Ringworm (A)** is caused by a fungus called *Trichophyton*. 
* **Filariasis (B)** is caused by the parasitic worm *Wuchereria bancrofti*.
* **Malaria (C)** is caused by a protozoan parasite, specifically *Plasmodium vivax*.
* **Pneumonia (D)** is often caused by bacteria like *Haemophilus influenzae*.",C,True,10,9,"The explanation provided by the MCQ solver is clear and uses appropriate biological terminology, such as ""fungus,"" ""parasitic worm,"" ""protozoan parasite,"" and ""bacteria,"" which enhances clarity. The logical reasoning is strong, as it methodically matches each disease with its corresponding causative agent, providing a clear justification for each pairing. The explanation correctly applies biological principles, demonstrating a solid understanding of the mechanisms and processes involved in each disease.",Biology,5936.6
Question_Paper_45_p37_q173,Biology,Gemma2 9B,dspy_baseline,DSPy Baseline,"A: A-II, B-III, C-IV, D-I",C,True,10,8,"The explanation provided by the MCQ solver is clear and uses appropriate biological terminology, such as the names of pathogens and diseases, which enhances clarity. The logical reasoning is strong, as the solver matches each disease with its corresponding pathogen in a step-by-step manner, demonstrating a clear understanding of the relationships between them. The correctness of the method is evident, as the solver applies biological principles accurately to make the connections. However, the explanation could be improved by providing more detailed reasoning for each match to further enhance clarity and understanding.",Biology,6190.7
Question_Paper_45_p37_q173,Biology,Gemma2 9B,dspy_bootstrap,DSPy Bootstrap,B,C,False,0,3,"The explanation lacks clarity and logical reasoning as it does not provide any justification or step-by-step approach to match the items from List I with List II. There is no use of biological terminology or principles to explain why each disease is associated with a particular organism. The response is simply a selection of an option without any accompanying rationale, which significantly diminishes the quality of the explanation.",Biology,6288.5
Question_Paper_45_p37_q173,Biology,Gemma2 9B,dspy_mipro,DSPy MIPROv2,B,C,False,0,3,"The MCQ solver's response lacks clarity and logical reasoning as it only provides an answer without any explanation or justification. There is no use of biological terminology or a step-by-step approach to match the diseases with their corresponding pathogens. The response fails to demonstrate the application of biological principles, making it difficult to assess the correctness of the method used.",Biology,7648.2
Question_Paper_45_p37_q173,Biology,Mistral Nemo 12B,vanilla,Vanilla ANEETAA,"The correct answer is option **D**: A-II, B-III, C-I, D-IV.

Explanation:
- Ringworm (A) is caused by fungi like *Trichophyton*, so it matches with II.
- Filariasis (B) is caused by roundworms such as *Wuchereria bancrofti*, so it matches with III.
- Malaria (C) is caused by protozoa like *Plasmodium vivax*, so it matches with I.
- Pneumonia (D) can be caused by bacteria such as *Haemophilus influenzae*, so it matches with IV.",C,True,10,7,"The explanation uses appropriate biological terminology and provides a clear, structured response for each match, contributing to good clarity. The logical reasoning is mostly sound, as it follows a step-by-step approach to match each disease with its causative agent, although there is a mismatch in the explanation for Malaria and Pneumonia. The correctness of the method is generally good, as it applies relevant biological principles, but the incorrect matching in the explanation affects the overall quality.",Biology,7001.6
Question_Paper_45_p37_q173,Biology,Mistral Nemo 12B,dspy_baseline,DSPy Baseline,"A-II, B-III, C-IV, D-I",C,True,10,8,"The explanation provided by the MCQ solver is clear and uses appropriate biological terminology, such as the names of pathogens and diseases, which enhances clarity. The logical reasoning is strong, as the solver matches each disease with its corresponding pathogen in a step-by-step manner, demonstrating a clear understanding of the relationships between them. The correctness of the method is evident, as the solver applies biological principles accurately to make the connections between diseases and their causative agents. However, the explanation could be improved by providing more detailed reasoning for each match to further enhance clarity and understanding.",Biology,10211.0
Question_Paper_45_p37_q173,Biology,Mistral Nemo 12B,dspy_bootstrap,DSPy Bootstrap,A,C,False,0,3,"The explanation lacks clarity and logical reasoning, as it does not provide any justification or step-by-step approach to match the items in List I with List II. There is no use of biological terminology or principles to explain why each disease is associated with a particular organism. The response simply states an answer without any supporting explanation, which significantly reduces the quality of the explanation.",Biology,6797.8
Question_Paper_45_p37_q173,Biology,Mistral Nemo 12B,dspy_mipro,DSPy MIPROv2,A,C,False,0,3,"The explanation lacks clarity and logical reasoning, as it does not provide any justification or step-by-step approach to match the items from List I with List II. There is no use of biological terminology or principles to explain why each pathogen is associated with a particular disease. The response is essentially just a selection of an option without any accompanying rationale, which significantly diminishes the quality of the explanation.",Biology,8746.2
Question_Paper_21_p29_q69,Chemistry,Llama 3.1 8B,vanilla,Vanilla ANEETAA,The correct option is (C):Statement I is incorrect but Statement II is correct.,B,False,0,5,"The explanation lacks clarity and logical reasoning. It does not provide a detailed analysis of why Statement I is incorrect or why Statement II is correct. There is no discussion of the underlying principles of coagulation or the role of ion charge and valency in determining flocculating power. The response fails to use proper terminology or a structured approach to justify the evaluation of each statement, which diminishes the overall quality of the explanation.",Chemistry,4390.0
Question_Paper_21_p29_q69,Chemistry,Llama 3.1 8B,dspy_baseline,DSPy Baseline,B,B,True,10,6,"The explanation provided by the MCQ solver lacks clarity and depth, as it does not include any detailed reasoning or justification for why Statement I is correct and Statement II is incorrect. While the solver correctly identifies the order of flocculating power for negative sols, it fails to explain the underlying principles, such as the Schulze-Hardy rule, which would enhance the clarity and logical reasoning of the response. Additionally, the response does not address the reasoning behind the incorrectness of Statement II, missing an opportunity to demonstrate a comprehensive understanding of the chemistry concepts involved.",Chemistry,9402.2
Question_Paper_21_p29_q69,Chemistry,Llama 3.1 8B,dspy_bootstrap,DSPy Bootstrap,C,B,False,0,5,"The explanation lacks clarity and logical reasoning as it does not provide a detailed analysis of the flocculating power of ions or salts in the context of coagulation. There is no step-by-step approach or justification for why Statement I is incorrect and Statement II is correct, which diminishes the overall quality of the explanation. The response would benefit from a more structured explanation that applies scientific principles to support the conclusions drawn.",Chemistry,7084.3
Question_Paper_21_p29_q69,Chemistry,Llama 3.1 8B,dspy_mipro,DSPy MIPROv2,B,B,True,10,6,"The explanation provided by the MCQ solver lacks clarity and depth, as it does not include any detailed reasoning or scientific principles to justify why Statement I is correct and Statement II is incorrect. While the solver correctly identifies the order of flocculating power for negative sols, it fails to explain the underlying concepts such as the Schulze-Hardy rule, which would enhance the clarity and logical reasoning of the response. The response would benefit from a more structured approach, including a step-by-step explanation of the principles involved in coagulation and flocculation.",Chemistry,2949.0
Question_Paper_21_p29_q69,Chemistry,Gemma2 9B,vanilla,Vanilla ANEETAA,"**Answer:** D: Both Statement I and Statement II are correct.

**Explanation:**

* **Statement I:** The flocculating power of an ion depends on its charge density. Higher the charge density, greater the flocculating power.  Al³⁺ has the highest charge density among the given ions, followed by Ba²⁺ and then Na⁺. This explains why Al³⁺ is the most effective coagulant for a negatively charged sol.

* **Statement II:** In the coagulation of a positive sol, the flocculating power increases with the increasing valency of the anion.  PO₄³⁻ has the highest valency among the anions in the given salts, followed by SO₄²⁻ and then Cl⁻. This explains why Na₃PO₄ is the most effective coagulant for a positively charged sol.",B,False,0,7,"The explanation is clear and uses proper terminology, effectively explaining the concept of flocculating power in terms of charge density and valency. The response logically reasons through the order of effectiveness for both positive and negative sols, providing a coherent justification for each statement. However, the explanation could be improved by explicitly addressing the discrepancy between the stated order in Statement II and the explanation provided, which may cause confusion. Additionally, a more detailed step-by-step breakdown of the reasoning process would enhance clarity and logical flow.",Chemistry,6573.0
Question_Paper_21_p29_q69,Chemistry,Gemma2 9B,dspy_baseline,DSPy Baseline,D,B,False,0,4,"The explanation lacks clarity and logical reasoning, as it does not provide any detailed justification or step-by-step approach to support the chosen answer. There is no discussion of the scientific principles behind coagulation or the flocculating power of ions and salts, which are crucial for understanding the statements. The response fails to use proper terminology or structure, making it difficult to follow the reasoning process.",Chemistry,7042.6
Question_Paper_21_p29_q69,Chemistry,Gemma2 9B,dspy_bootstrap,DSPy Bootstrap,B,B,True,10,6,"The explanation provided by the MCQ solver lacks clarity and depth, as it does not explicitly address the scientific principles behind the coagulation of sols or the flocculating power of ions and salts. While the solver correctly identifies the order of flocculating power for negative sols, it fails to explain the reasoning behind the incorrectness of Statement II, missing an opportunity to discuss the role of valency and charge in coagulation. The response would benefit from a more structured approach, detailing the logic and chemistry concepts involved in evaluating each statement.",Chemistry,2787.3
Question_Paper_21_p29_q69,Chemistry,Gemma2 9B,dspy_mipro,DSPy MIPROv2,B,B,True,10,6,"The explanation provided by the MCQ solver lacks clarity and depth, as it does not include any detailed reasoning or justification for why Statement I is correct and Statement II is incorrect. While the solver correctly identifies the order of flocculating power for negative sols, it fails to explain the underlying principles, such as the Schulze-Hardy rule, which would enhance the clarity and logical reasoning of the response. Additionally, the response does not address the reasoning behind the incorrectness of Statement II, missing an opportunity to demonstrate a thorough understanding of the chemistry concepts involved.",Chemistry,7481.5
Question_Paper_21_p29_q69,Chemistry,Mistral Nemo 12B,vanilla,Vanilla ANEETAA,"**Explanation:**

In colloid chemistry, the coagulating power of ions depends on their charge density (charge/radius). For negative sols, ions with higher charge density have greater flocculating power because they attract and neutralize the negatively charged sol particles more effectively.

For positive sols, the coagulating power is determined by the concentration of counterions (ions that can neutralize the sol's charge) in the electrolyte. The order of concentration of counterions for the given salts is NaCl > Na_2SO_4 > Na_3PO_4.

**Translation:**

在胶体化学中，离子的凝聚能力取决于其电荷密度（电荷/半径）。对于负性溶胀，电荷密度高的离子具有更大的絮凝能力，因为它们能够更有效地吸引和中和负性溶胀颗粒。

对于正性溶胀，电解质中的反离子（可以中和溶胀电荷的离子）浓度决定了凝聚能力。给定盐的反离子浓度顺序为NaCl > Na_2SO_4 > Na_3PO_4。

**Answer:** D: Both Statement I and Statement II are correct.",B,False,0,6,"The explanation provides a basic understanding of the principles behind coagulation in colloid chemistry, mentioning charge density and counterion concentration. However, it lacks depth in explaining why the specific order of ions and salts is given, particularly for Statement II, where the reasoning is not clearly linked to the flocculating power. The response could benefit from a more detailed discussion of the Schulze-Hardy rule and how it applies to both negative and positive sols, as well as a clearer connection between the principles and the specific examples provided.",Chemistry,8862.5
Question_Paper_21_p29_q69,Chemistry,Mistral Nemo 12B,dspy_baseline,DSPy Baseline,B,B,True,10,6,"The explanation provided by the MCQ solver lacks clarity and depth, as it does not include any detailed reasoning or scientific principles to justify why Statement I is correct and Statement II is incorrect. While the solver correctly identifies the order of flocculating power for negative sols, it fails to explain the underlying concepts such as the Schulze-Hardy rule, which would enhance the clarity and logical reasoning of the response. The response would benefit from a more structured approach, including a step-by-step analysis of each statement.",Chemistry,6852.0
Question_Paper_21_p29_q69,Chemistry,Mistral Nemo 12B,dspy_bootstrap,DSPy Bootstrap,B,B,True,10,6,"The explanation provided by the MCQ solver lacks clarity and depth, as it does not include any detailed reasoning or justification for why Statement I is correct and Statement II is incorrect. There is no discussion of the underlying principles of coagulation and flocculating power, such as the Schulze-Hardy rule, which would have enhanced the logical reasoning and correctness of the method. The response would benefit from a more structured approach, including definitions and comparisons of the ions and salts involved.",Chemistry,6007.9
Question_Paper_21_p29_q69,Chemistry,Mistral Nemo 12B,dspy_mipro,DSPy MIPROv2,B,B,True,10,6,"The explanation provided by the MCQ solver lacks clarity and depth, as it does not include any detailed reasoning or scientific principles to justify why Statement I is correct and Statement II is incorrect. While the solver correctly identifies the order of flocculating power for negative sols, it fails to explain the underlying concepts such as the Schulze-Hardy rule, which would enhance clarity and logical reasoning. The response would benefit from a more structured approach, including definitions and principles related to coagulation and flocculation.",Chemistry,8252.9
Question_Paper_28_p39_q186,Biology,Llama 3.1 8B,vanilla,Vanilla ANEETAA,"The correct option is (B): B and C only.

Explanation: 
Thyroid hormone has a significant impact on basal metabolic rate, which is the rate at which the body burns calories. It also influences the normal rhythm of sleep-wake cycle. However, thyroid hormone does not directly control water and electrolyte balance, development of immune system, or RBCs formation.",C,True,10,5,"The explanation provides a basic understanding of the role of thyroid hormones in regulating basal metabolic rate and the sleep-wake cycle, using appropriate biological terminology. However, it lacks a detailed step-by-step approach and does not sufficiently justify why certain functions are not controlled by thyroid hormones. The response could be improved by elaborating on the mechanisms by which thyroid hormones influence these processes and by providing more comprehensive reasoning for excluding other options.",Biology,4968.0
Question_Paper_28_p39_q186,Biology,Llama 3.1 8B,dspy_baseline,DSPy Baseline,A: A and D only,C,False,0,2,"The MCQ solver's response lacks any explanation or reasoning for the chosen answer. There is no use of biological terminology, no logical reasoning or step-by-step approach to justify the selection of options A and D, and no application of scientific principles. The response is simply a selection of an answer without any accompanying explanation, which significantly diminishes the clarity and logical reasoning aspects of the evaluation criteria.",Biology,9655.4
Question_Paper_28_p39_q186,Biology,Llama 3.1 8B,dspy_bootstrap,DSPy Bootstrap,A,C,False,0,3,"The explanation lacks clarity and logical reasoning, as it does not provide any justification or step-by-step approach to determine why options A and D are selected. There is no use of biological terminology or principles to explain the role of thyroid hormones in the processes mentioned. The response fails to demonstrate an understanding of the mechanisms or processes involved, making it difficult to assess the correctness of the method.",Biology,7244.8
Question_Paper_28_p39_q186,Biology,Llama 3.1 8B,dspy_mipro,DSPy MIPROv2,A: A and D only,C,False,0,2,"The MCQ solver's response lacks any explanation or reasoning for the chosen answer. There is no use of biological terminology, no logical reasoning or step-by-step approach to justify the selection of options A and D, and no application of scientific principles. The response is simply a selection of an answer without any accompanying explanation, which significantly diminishes the clarity and logical reasoning aspects of the evaluation criteria.",Biology,4835.0
Question_Paper_28_p39_q186,Biology,Gemma2 9B,vanilla,Vanilla ANEETAA,"The correct answer is **C: C and D only**. 

Here's why:

* **Thyroid hormone** primarily influences metabolism, growth, and development.  

Let's break down each option:

* **A. Maintenance of water and electrolyte balance:** While thyroid hormone plays a role in overall body function, the primary control of water and electrolyte balance is handled by the kidneys and hormones like aldosterone and antidiuretic hormone (ADH).
* **B. Regulation of basal metabolic rate:** This is a **key** function of thyroid hormone. It influences how quickly the body uses energy at rest.
* **C. Normal rhythm of sleep-wake cycle:** The sleep-wake cycle is primarily regulated by the circadian rhythm, controlled by the suprachiasmatic nucleus in the brain and influenced by light exposure. 
* **D. Development of immune system:** Thyroid hormone does play a role in immune system development and function, though it's not the sole regulator.  
* **E. Support the process of RBCs formation:**  Erythropoietin, produced by the kidneys, is the primary hormone responsible for stimulating red blood cell production.",C,True,10,8,"The explanation is clear and uses appropriate biological terminology, providing a well-structured breakdown of each option. The logical reasoning is strong, as it methodically evaluates each statement in relation to the role of thyroid hormone, offering justifications for why certain functions are or are not under its control. The response correctly applies biological principles, though it could be slightly improved by elaborating more on the role of thyroid hormone in immune system development.",Biology,7497.8
Question_Paper_28_p39_q186,Biology,Gemma2 9B,dspy_baseline,DSPy Baseline,A and D only,C,False,0,4,"The explanation lacks clarity and logical reasoning. The response does not provide any justification or step-by-step reasoning for why options A and D are chosen as not being under the control of thyroid hormone. There is no use of biological terminology or principles to explain the functions of the thyroid hormone or how it relates to the options given. The response fails to demonstrate an understanding of the mechanisms and processes involved, resulting in a low score for explanation quality.",Biology,9356.4
Question_Paper_28_p39_q186,Biology,Gemma2 9B,dspy_bootstrap,DSPy Bootstrap,C,C,True,10,3,"The explanation lacks clarity and logical reasoning as it does not provide any justification or step-by-step approach to determine which functions are not controlled by thyroid hormones. There is no use of biological terminology or principles to explain why options C and D were chosen, making it difficult to understand the reasoning behind the selection. The response fails to demonstrate a clear understanding of the biological roles of thyroid hormones.",Biology,7962.6
Question_Paper_28_p39_q186,Biology,Gemma2 9B,dspy_mipro,DSPy MIPROv2,C,C,True,10,2,"The MCQ solver's response lacks any explanation or reasoning, providing only the final answer without any supporting details. There is no use of biological terminology, no logical reasoning or step-by-step approach, and no application of scientific principles to justify the choice. This absence of explanation makes it impossible to assess the clarity, logical reasoning, or correctness of the method used.",Biology,7706.4
Question_Paper_28_p39_q186,Biology,Mistral Nemo 12B,vanilla,Vanilla ANEETAA,"The thyroid hormone primarily regulates metabolism, growth, and development. It does not directly control the maintenance of water and electrolyte balance (A) or the normal rhythm of sleep-wake cycle (C). However, it does influence the development of immune system (D), support RBCs formation (E), and regulate basal metabolic rate (B).

So, the correct answer is:
B: B and C only

Explanation in English:
- Thyroid hormone does not directly control water and electrolyte balance; this is primarily regulated by the kidneys.
- The sleep-wake cycle is mainly controlled by the hypothalamus and pineal gland through the release of melatonin.
- Thyroid hormone influences metabolism, growth, development, and immune function. It also supports RBC formation by stimulating erythropoiesis.
- Basal metabolic rate is directly influenced by thyroid hormone levels; hyperthyroidism increases it while hypothyroidism decreases it.

Explanation in Hindi:
- ताइरॉयड हार्मोन पानी और इलेक्ट्रोलाइट बैलेंस को नहीं नियंत्रित करता है, यह मुख्य रूप से किडनी द्वारा नियंत्रित किया जाता है।
- नींद-जागरण चक्र का नियंत्रण हिपोथैलेमוס और पाइनल ग्लैंड द्वारा किया जाता है, मेलाटोनिन की रिलीज़ के माध्यम से।
- ताइरॉयड हार्मोन メटाबोलिज्म, ग्रोथ, विकास, और इम्यून फंक्शन को प्रभावित करता है। यह आरबीसीज़ की बनाईं में भी सहयोग करता है।
- बेसल मेटाबॉलिक रेटा का नियंत्रण ताइरॉयड हार्मोन के स्तरों से सीधे संबंधित है; हाइपरथायरोईडिज़ इसे बढ़ाता है जबकि हिपोथायरोईडिज़ घटाता है।",C,True,10,8,"The explanation is clear and uses appropriate biological terminology, effectively distinguishing the roles of thyroid hormone in various physiological processes. The logical reasoning is strong, with a step-by-step approach that justifies each point, such as the role of the kidneys in water balance and the hypothalamus in sleep regulation. The explanation correctly applies biological principles, though it could be slightly improved by more explicitly linking each option to the thyroid hormone's known functions.",Biology,10936.9
Question_Paper_28_p39_q186,Biology,Mistral Nemo 12B,dspy_baseline,DSPy Baseline,A: A and C only,C,True,10,4,"The explanation lacks clarity and proper use of biological terminology, as it does not provide any detailed reasoning or justification for why options A and C were chosen. There is no step-by-step approach or logical reasoning presented to explain the control of thyroid hormone over the listed functions. The response fails to apply scientific principles or methodology to support the selection of the options, resulting in a low score for explanation quality.",Biology,6927.4
Question_Paper_28_p39_q186,Biology,Mistral Nemo 12B,dspy_bootstrap,DSPy Bootstrap,A,C,False,0,3,"The explanation lacks clarity and logical reasoning, as it does not provide any justification or step-by-step approach to determine why options A and D are selected. There is no use of biological terminology or principles to explain the role of thyroid hormones in the processes mentioned. The response fails to demonstrate an understanding of the mechanisms by which thyroid hormones influence various physiological functions, leading to a poor evaluation of the explanation quality.",Biology,3212.9
Question_Paper_28_p39_q186,Biology,Mistral Nemo 12B,dspy_mipro,DSPy MIPROv2,A,C,False,0,3,"The explanation lacks clarity and logical reasoning, as it does not provide any justification or step-by-step approach to determine why options A and D are selected. There is no use of biological terminology or principles to explain the role of thyroid hormones in the processes mentioned. The response fails to demonstrate an understanding of the mechanisms by which thyroid hormones influence various physiological functions, leading to a poor evaluation of the explanation quality.",Biology,7644.7
Question_Paper_32_p14_q64,Chemistry,Llama 3.1 8B,vanilla,Vanilla ANEETAA,The correct answer is option (A) : 3.28 cm^{–1},B,False,0,7,"The explanation provided by the MCQ solver is clear and uses proper terminology, such as ""conductivity"" and ""cell constant,"" which contributes to a good level of clarity. The logical reasoning is adequate, as it follows a step-by-step approach to relate conductivity, resistance, and cell constant, although it could benefit from more detailed intermediate steps and justifications to enhance understanding. The correctness of the method is sound, as it applies the correct scientific principles, but the explanation could be improved by explicitly showing the formula used and the calculations performed.",Chemistry,4694.1
Question_Paper_32_p14_q64,Chemistry,Llama 3.1 8B,dspy_baseline,DSPy Baseline,B,B,True,10,2,"The MCQ solver's response lacks any explanation or reasoning, providing only an answer choice without any supporting information. There is no use of proper terminology, no step-by-step approach, and no application of scientific principles or methodology. The absence of any explanation makes it impossible to evaluate the clarity, logical reasoning, or correctness of the method.",Chemistry,5799.8
Question_Paper_32_p14_q64,Chemistry,Llama 3.1 8B,dspy_bootstrap,DSPy Bootstrap,A,B,False,0,2,"The explanation lacks clarity and logical reasoning as it does not provide any step-by-step approach or justification for the answer choice. There is no use of proper terminology or structured response to explain how the cell constant is calculated from the given conductivity and resistance values. The response fails to demonstrate the correct application of scientific principles, such as the relationship between conductivity, resistance, and cell constant, which is crucial for understanding the problem.",Chemistry,5522.0
Question_Paper_32_p14_q64,Chemistry,Llama 3.1 8B,dspy_mipro,DSPy MIPROv2,B,B,True,10,2,"The MCQ solver's response lacks any explanation or reasoning, providing only an answer choice without any supporting information. There is no use of proper terminology, no step-by-step approach, and no application of scientific principles or methodology. This makes it impossible to evaluate the clarity, logical reasoning, or correctness of the method used to arrive at the answer.",Chemistry,3927.2
Question_Paper_32_p14_q64,Chemistry,Gemma2 9B,vanilla,Vanilla ANEETAA,"**Answer:** A: 3.28 cm^{–1}

**Explanation:**

The cell constant (K) is related to the conductivity (κ), resistance (R), and length (l) of the cell by the following equation:

K = κ * R * l

We are given:

* Conductivity (κ) = 0.0210 ohm<sup>-1</sup> cm<sup>-1</sup>
* Resistance (R) = 60 ohm

To find the cell constant, we need the length of the cell.  This information is not provided in the question. However, the question implies that the cell constant can be calculated from the given values. This suggests that the length of the cell is implicitly included in the options.


Let's calculate K using each option and see which one gives a reasonable result:

* **Option A:** K = 0.0210 ohm<sup>-1</sup> cm<sup>-1</sup> * 60 ohm * l  
   If we assume 'l' is approximately equal to the value that makes K = 3.28 cm<sup>-1</sup>, then this option would be correct.

* **Options B, C, and D:** Similar calculations will show that these options do not lead to a reasonable value for 'l'.



**Therefore, the most likely answer is Option A: 3.28 cm<sup>-1</sup>.**",B,False,0,4,"The explanation lacks clarity and logical reasoning. It incorrectly states the formula for the cell constant, which should be K = κ * R, without the need for a length factor. The solver fails to provide a step-by-step calculation or justification for choosing option A, instead relying on an assumption about the length of the cell, which is not a standard approach. The explanation is not well-structured and does not apply the correct scientific principles, leading to confusion.",Chemistry,8632.2
Question_Paper_32_p14_q64,Chemistry,Gemma2 9B,dspy_baseline,DSPy Baseline,Cannot be determined from the given information.,B,False,0,2,"The explanation lacks clarity and logical reasoning, as it does not provide any step-by-step approach or justification for the conclusion that the cell constant cannot be determined. The response fails to apply the relevant scientific principles, such as the relationship between conductivity, resistance, and cell constant, which are necessary to solve the problem. The use of proper terminology and structured explanation is absent, leading to a poor quality evaluation.",Chemistry,6333.5
Question_Paper_32_p14_q64,Chemistry,Gemma2 9B,dspy_bootstrap,DSPy Bootstrap,B,B,True,10,2,"The MCQ solver's response lacks any explanation or reasoning, providing only an answer choice without any supporting information. There is no use of proper terminology, no step-by-step approach, and no application of scientific principles or methodology. This makes it impossible to evaluate the clarity, logical reasoning, or correctness of the method used to arrive at the answer.",Chemistry,2360.5
Question_Paper_32_p14_q64,Chemistry,Gemma2 9B,dspy_mipro,DSPy MIPROv2,A,B,False,0,2,"The explanation lacks clarity and logical reasoning as it does not provide any step-by-step approach or justification for the answer choice. There is no use of proper terminology or structured response to explain how the cell constant is calculated from the given conductivity and resistance values. The response fails to demonstrate the application of scientific principles or methodology, such as the formula for cell constant, which is crucial for understanding the solution.",Chemistry,5237.8
Question_Paper_32_p14_q64,Chemistry,Mistral Nemo 12B,vanilla,Vanilla ANEETAA,"The cell constant (Λ) can be calculated using the formula:

Λ = conductivity × resistance

Given:
- Conductivity of KCl solution (κ) = 0.0210 ohm⁻¹ cm⁻¹
- Resistance of the cell (R) = 60 ohms

Plugging these values into the formula, we get:

Λ = κ × R
Λ = 0.0210 ohm⁻¹ cm⁻¹ × 60 ohms
Λ = 1.26 cm⁻¹

So, the correct option is B: 1.26 cm⁻¹.

Translation:
cell constant (Λ) = conductivity (κ) × resistance (R)
Λ = κ × R
Λ = 0.0210 ohm⁻¹ cm⁻¹ × 60 ohms
Λ = 1.26 cm⁻¹",B,True,10,9,"The explanation is clear and well-structured, using proper terminology and a straightforward approach to solve the problem. The solver correctly applies the formula for calculating the cell constant and provides a step-by-step breakdown of the calculation, ensuring logical reasoning is evident throughout the explanation. The method is correctly applied, demonstrating a solid understanding of the chemistry concepts involved.",Chemistry,8255.5
Question_Paper_32_p14_q64,Chemistry,Mistral Nemo 12B,dspy_baseline,DSPy Baseline,A: 3.28 cm^{–1},B,False,0,2,"The explanation lacks clarity and logical reasoning as it does not provide any step-by-step approach or justification for the answer. There is no use of proper terminology or structured response to explain how the cell constant is calculated from the given conductivity and resistance values. The response fails to demonstrate the application of scientific principles or methodology, such as the formula for calculating the cell constant, which significantly impacts the overall quality of the explanation.",Chemistry,9817.1
Question_Paper_32_p14_q64,Chemistry,Mistral Nemo 12B,dspy_bootstrap,DSPy Bootstrap,B,B,True,10,2,"The MCQ solver's response lacks any explanation or reasoning, providing only an answer choice without any supporting information. There is no use of proper terminology, no step-by-step approach, and no application of scientific principles or methodology. This makes it impossible to evaluate the clarity, logical reasoning, or correctness of the method used to arrive at the answer.",Chemistry,7772.4
Question_Paper_32_p14_q64,Chemistry,Mistral Nemo 12B,dspy_mipro,DSPy MIPROv2,A,B,False,0,2,"The explanation lacks clarity and logical reasoning as it does not provide any step-by-step approach or justification for the answer choice. There is no use of proper terminology or structured response to explain how the cell constant is calculated from the given conductivity and resistance values. The response fails to demonstrate the application of scientific principles or methodology, such as the formula for calculating the cell constant, which significantly impacts the overall quality of the explanation.",Chemistry,10615.0
Question_Paper_18_p62_q175,Biology,Llama 3.1 8B,vanilla,Vanilla ANEETAA,"The correct option is (B): Pavo, Psittacula, Corvus.

Explanation:
Birds have a unique digestive system that includes several specialized organs and structures. The crop and gizzard are two such structures found in birds.

*   Crop: It's a pouch-like structure located between the esophagus and the stomach. It stores food temporarily before it reaches the stomach for further digestion.
*   Gizzard: A muscular organ located near the stomach, which grinds food using small stones or grits present in its lumen.

Birds like Pavo (peacock), Psittacula (parrot), and Corvus (crow) have these additional chambers in their digestive tract.",B,True,10,8,"The explanation is clear and uses appropriate biological terminology, such as ""crop"" and ""gizzard,"" with concise definitions of their functions, which enhances clarity. The logical reasoning is strong, as it provides a step-by-step description of the digestive system in birds, justifying why these structures are present in the mentioned species. The explanation correctly applies biological principles related to avian anatomy, although it could be improved by briefly mentioning why other options are less likely to be correct.",Biology,6048.7
Question_Paper_18_p62_q175,Biology,Llama 3.1 8B,dspy_baseline,DSPy Baseline,A,B,False,0,2,"The explanation lacks clarity and logical reasoning, as it does not provide any justification or step-by-step approach to determine why option A was chosen. There is no use of biological terminology or principles to explain the presence of additional chambers like crop and gizzard in the digestive tract of the animals listed. The response fails to demonstrate an understanding of the relevant biological concepts, making it difficult to assess the correctness of the method.",Biology,9983.0
Question_Paper_18_p62_q175,Biology,Llama 3.1 8B,dspy_bootstrap,DSPy Bootstrap,B,B,True,10,2,"The explanation lacks clarity and logical reasoning, as it does not provide any justification or step-by-step approach to determine why option B was chosen. There is no use of biological terminology or principles to explain the presence of additional chambers like crop and gizzard in the digestive tract of the animals listed. The response fails to demonstrate an understanding of the relevant biological concepts, making it difficult to assess the correctness of the method.",Biology,7468.5
Question_Paper_18_p62_q175,Biology,Llama 3.1 8B,dspy_mipro,DSPy MIPROv2,B,B,True,10,2,"The explanation lacks clarity and logical reasoning, as it does not provide any justification or step-by-step approach to determine why option B was chosen. There is no use of biological terminology or principles to explain the presence of additional chambers like crop and gizzard in the digestive tract of the animals listed. The response fails to demonstrate an understanding of the relevant biological concepts, making it difficult to assess the correctness of the method.",Biology,7548.8
Question_Paper_18_p62_q175,Biology,Gemma2 9B,vanilla,Vanilla ANEETAA,"**Answer:** B: Pavo, Psittacula, Corvus

**Explanation:** 

Birds have a unique digestive system that includes specialized chambers called the crop and gizzard.  

* **Crop:** A pouch-like structure used for storing food before digestion.
* **Gizzard:** A muscular chamber that grinds food with the help of ingested grit (small stones).


Let me know if you'd like more details about any part of the digestive system!",B,True,10,7,"The explanation is clear and uses appropriate biological terminology, such as ""crop"" and ""gizzard,"" and provides a concise description of their functions, which contributes to clarity. However, the logical reasoning could be improved by explicitly linking the presence of these structures to the specific animals mentioned in the options, rather than just stating that birds have these features. The explanation correctly applies biological principles related to avian digestive systems, but it lacks a detailed step-by-step justification for why the selected option is correct.",Biology,5954.6
Question_Paper_18_p62_q175,Biology,Gemma2 9B,dspy_baseline,DSPy Baseline,B,B,True,10,2,"The explanation lacks clarity and logical reasoning, as it does not provide any justification or step-by-step approach to determine why option B was chosen. There is no use of biological terminology or principles to explain the presence of additional chambers like crop and gizzard in the digestive tract of the animals listed. The response fails to demonstrate an understanding of the relevant biological concepts, resulting in a low-quality explanation.",Biology,9806.2
Question_Paper_18_p62_q175,Biology,Gemma2 9B,dspy_bootstrap,DSPy Bootstrap,B,B,True,10,2,"The explanation lacks clarity and logical reasoning, as it does not provide any justification or step-by-step approach to determine why option B was chosen. There is no use of biological terminology or principles to explain the presence of additional chambers like crop and gizzard in the digestive tract of the animals listed. The response fails to demonstrate an understanding of the relevant biological concepts, making it difficult to assess the correctness of the method.",Biology,8248.2
Question_Paper_18_p62_q175,Biology,Gemma2 9B,dspy_mipro,DSPy MIPROv2,B,B,True,10,2,"The explanation lacks clarity and logical reasoning, as it does not provide any justification or step-by-step approach to determine why option B was chosen. There is no use of biological terminology or principles to explain the presence of additional chambers like crop and gizzard in the digestive tract of the animals listed. The response fails to demonstrate an understanding of the relevant biological concepts, making it difficult to assess the correctness of the method.",Biology,6979.0
Question_Paper_18_p62_q175,Biology,Mistral Nemo 12B,vanilla,Vanilla ANEETAA,"The animal in which the digestive tract has additional chambers like crop and gizzard is:

**Pigeon (Columba)**

So, the correct option is:
B: Pavo, Psittacula, **Columba**

Explanation:
- Crop: A muscular pouch where food is stored temporarily for later digestion. It's found in birds like pigeons.
- Gizzard: A part of the stomach that contains strong muscles and helps grind up food, especially seeds and grains. It's also found in birds.

The other options don't have these additional chambers:
- Catla (a fish) has a simple digestive tract with no crop or gizzard.
- Crocodilus (crocodile) has a stomach but no distinct crop or gizzard.
- Pavo (peacock), Psittacula (parrot), Corvus (crow), Bufo (toad), Balaenoptera (whale), and Bangarus (snake) also don't have these chambers.",B,True,10,7,"The explanation provides a clear and concise description of the crop and gizzard, using appropriate biological terminology. It logically reasons through the options, explaining why certain animals do not have these digestive chambers. However, the response could improve by explicitly addressing each option in the context of the question, ensuring a more comprehensive evaluation of all choices. Additionally, the explanation could benefit from a more structured approach to enhance clarity.",Biology,8290.2
Question_Paper_18_p62_q175,Biology,Mistral Nemo 12B,dspy_baseline,DSPy Baseline,"C: Corvus, Columba, Chameleon",B,False,0,6,"The explanation uses appropriate biological terminology and provides a clear structure by listing the animals and their digestive features. However, the logical reasoning is somewhat lacking as it does not thoroughly explain why each animal is included or excluded based on the presence of a crop and gizzard. The response could be improved by detailing the digestive adaptations of each animal mentioned, thereby better applying biological principles to justify the selection.",Biology,5468.7
Question_Paper_18_p62_q175,Biology,Mistral Nemo 12B,dspy_bootstrap,DSPy Bootstrap,B,B,True,10,2,"The explanation lacks clarity and logical reasoning, as it does not provide any justification or step-by-step approach to determine why option B was chosen. There is no use of biological terminology or principles to explain the presence of additional chambers like crop and gizzard in the digestive tract of the animals listed. The response fails to demonstrate an understanding of the relevant biological concepts, making it difficult to assess the correctness of the method.",Biology,5675.3
Question_Paper_18_p62_q175,Biology,Mistral Nemo 12B,dspy_mipro,DSPy MIPROv2,A,B,False,0,2,"The explanation lacks clarity and logical reasoning, as it does not provide any justification or step-by-step approach to determine why option A was chosen. There is no use of biological terminology or principles to explain the presence of additional chambers like crop and gizzard in the digestive tract of the animals listed. The response fails to demonstrate an understanding of the relevant biological concepts, making it difficult to assess the correctness of the method.",Biology,9159.2
Question_Paper_47_p47_q198,Biology,Llama 3.1 8B,vanilla,Vanilla ANEETAA,"List I with List II is as follows:

A. Mast cells - IV. Specialised connective tissue 
Mast cells are a type of immune system cell that play a key role in the body's allergic response and anaphylaxis. They are found in various tissues throughout the body, including skin, lungs, and gastrointestinal tract.

B. Inner surface of bronchiole - I. Ciliated epithelium
The inner surface of the bronchioles is lined with ciliated epithelial cells that help to move mucus out of the airways.

C. Blood - II. Areolar connective tissue 
Areolar connective tissue is a type of loose connective tissue found in various parts of the body, including beneath the skin and around blood vessels. It provides support and structure to these tissues.

D. Tubular parts of nephron - III. Cuboidal epithelium
The tubular part of the nephron is lined with cuboidal epithelial cells that help to reabsorb water and ions back into the bloodstream.

Therefore, the correct option is (B): A-II, B-I, C-IV, D-III",B,True,10,6,"The explanation uses appropriate biological terminology and provides a clear description of the role and location of mast cells, ciliated epithelium, and cuboidal epithelium, contributing to clarity. However, the reasoning lacks depth in explaining the connection between blood and areolar connective tissue, which is incorrect, indicating a flaw in logical reasoning and correctness of method. The response could benefit from a more structured approach, explicitly matching each item from List I to List II with clear justifications for each pairing.",Biology,6965.4
Question_Paper_47_p47_q198,Biology,Llama 3.1 8B,dspy_baseline,DSPy Baseline,"B: A-II, B-I, C-IV, D-III",B,True,10,6,"The explanation demonstrates a moderate level of clarity, using appropriate biological terminology such as ""ciliated epithelium"" and ""connective tissue."" However, the response lacks a detailed step-by-step approach and does not provide sufficient justification for matching each item from List I with List II. The logical reasoning is somewhat present but could be improved by explaining the biological principles behind each match, such as the role of mast cells in connective tissue or the function of ciliated epithelium in the bronchioles.",Biology,12860.9
Question_Paper_47_p47_q198,Biology,Llama 3.1 8B,dspy_bootstrap,DSPy Bootstrap,"D: A-II, B-I, C-IV, D-III",B,True,10,5,"The explanation lacks clarity and logical reasoning. The response does not provide any justification or step-by-step reasoning for matching the items from List I to List II. There is no use of biological terminology or principles to explain why each match is made, which makes it difficult to follow the thought process behind the answer. The explanation would benefit from a more structured approach, detailing the characteristics of each item and how they relate to the options provided.",Biology,6742.0
Question_Paper_47_p47_q198,Biology,Llama 3.1 8B,dspy_mipro,DSPy MIPROv2,B,B,True,10,2,"The MCQ solver's response lacks any explanation or reasoning for the chosen answer. There is no use of biological terminology, no step-by-step approach, and no justification for matching the items in List I with those in List II. The response fails to demonstrate any logical reasoning or application of biological principles, making it difficult to assess the clarity or correctness of the method.",Biology,8000.8
Question_Paper_47_p47_q198,Biology,Gemma2 9B,vanilla,Vanilla ANEETAA,"**Correct Answer:**  A: A-II, B-III, C-I, D-IV

**Explanation:**

* **Mast cells (A):** These are found in loose connective tissue (areolar connective tissue), which is a type of supportive tissue. 
* **Inner surface of bronchiole (B):** The lining of the bronchioles is made up of cuboidal epithelium, a type of epithelial tissue characterized by cube-shaped cells.
* **Blood (C):** Blood vessels are lined with endothelium, which is a specialized type of connective tissue. 
* **Tubular parts of nephron (D):** The tubules in the nephron are composed of different types of epithelial tissues, but they are primarily supported by a specialized connective tissue called interstitial tissue.",B,True,10,5,"The explanation uses appropriate biological terminology and provides a basic structure for matching items from List I to List II. However, the logical reasoning is weak, as it lacks a detailed step-by-step approach and justification for each match. The explanation also contains inaccuracies in the application of biological principles, such as the description of blood as a specialized connective tissue and the role of interstitial tissue in nephron tubules, which affects the overall clarity and correctness of the method.",Biology,6619.3
Question_Paper_47_p47_q198,Biology,Gemma2 9B,dspy_baseline,DSPy Baseline,"A: A-II, B-I, C-IV, D-III",B,True,10,6,"The explanation uses appropriate biological terminology and provides a clear structure by matching each item from List I with List II. However, the reasoning lacks depth, as it does not provide a detailed justification for each match, such as explaining why mast cells are associated with areolar connective tissue or why the inner surface of bronchioles is linked to ciliated epithelium. The response could be improved by elaborating on the biological principles and mechanisms underlying each match, which would enhance the logical reasoning and correctness of the method.",Biology,6969.2
Question_Paper_47_p47_q198,Biology,Gemma2 9B,dspy_bootstrap,DSPy Bootstrap,"A: A-II, B-I, C-IV, D-III",B,True,10,6,"The explanation demonstrates a basic understanding of biological terminology and principles, using terms like ""ciliated epithelium"" and ""connective tissue"" correctly. However, the response lacks a detailed step-by-step approach and does not provide clear justifications for matching each item from List I to List II. The reasoning could be improved by explaining the specific characteristics and functions of each biological structure and how they relate to the options provided.",Biology,4890.0
Question_Paper_47_p47_q198,Biology,Gemma2 9B,dspy_mipro,DSPy MIPROv2,B,B,True,10,2,"The MCQ solver's response lacks any explanation or reasoning for the chosen answer. There is no use of biological terminology, no step-by-step approach, and no justification for the matching of items from List I to List II. The response fails to demonstrate any logical reasoning or application of biological principles, making it difficult to assess the clarity or correctness of the method.",Biology,5974.2
Question_Paper_47_p47_q198,Biology,Mistral Nemo 12B,vanilla,Vanilla ANEETAA,"The correct answer is **Option B**: A-II, B-I, C-IV, D-III.

Explanation:
- Mast cells (A) are a type of specialised connective tissue, so they match with II.
- The inner surface of bronchiole (B) has ciliated epithelium, which matches with I.
- Blood (C) is composed mainly of areolar connective tissue, matching with III.
- Tubular parts of nephron (D) have cuboidal epithelial cells lining them, matching with IV.

Translation:
- 专门的结缔组织（A）与II匹配。
- 肺小管内表面（B）具有纤毛上皮，与I匹配。
- 血液（C）主要由疏松结缔组织组成，与III匹配。
- 肾小管的管状部分（D）有柱状上皮细胞覆盖，与IV匹配。",B,True,10,4,"The explanation lacks clarity and correctness in the application of biological principles. The terminology used is inconsistent, as mast cells are incorrectly described as specialized connective tissue rather than being associated with areolar connective tissue. The reasoning is not logically structured, as the explanation for blood and nephron tubules is incorrect and lacks proper justification. The response fails to demonstrate a clear understanding of the biological concepts involved.",Biology,8104.4
Question_Paper_47_p47_q198,Biology,Mistral Nemo 12B,dspy_baseline,DSPy Baseline,B,B,True,10,2,"The MCQ solver's response lacks any explanation or reasoning for the chosen answer. There is no use of biological terminology, no step-by-step approach, and no justification provided for matching the items in List I with List II. The response fails to demonstrate any logical reasoning or application of biological principles, making it difficult to assess the clarity or correctness of the method.",Biology,6923.0
Question_Paper_47_p47_q198,Biology,Mistral Nemo 12B,dspy_bootstrap,DSPy Bootstrap,B,B,True,10,2,"The MCQ solver's response lacks any explanation or reasoning for the chosen answer. There is no use of biological terminology, no step-by-step approach, and no justification for matching the items in List I with List II. The response does not demonstrate any logical reasoning or application of biological principles, making it difficult to assess the clarity or correctness of the method.",Biology,2234.8
Question_Paper_47_p47_q198,Biology,Mistral Nemo 12B,dspy_mipro,DSPy MIPROv2,A,B,False,0,2,"The explanation lacks clarity and logical reasoning, as it does not provide any justification or step-by-step approach to match the items in List I with List II. There is no use of biological terminology or principles to explain why each item is paired with its corresponding match. The response is simply a selection of an option without any supporting explanation, which significantly diminishes the quality of the explanation.",Biology,7482.5
Question_Paper_26_p37_q180,Biology,Llama 3.1 8B,vanilla,Vanilla ANEETAA,"The correct option is (C): Statement I is correct but Statement II is incorrect.

Explanation:
Electrostatic precipitators are widely used in thermal power plants to remove particulate matter from exhaust gases. They work on the principle of electrostatic attraction between charged particles and a grounded surface, effectively removing pollutants like dust, ash, and other suspended particles from the flue gas.

However, Statement II is incorrect because electrostatic precipitators do not remove ionizing radiations. Ionizing radiation refers to high-energy electromagnetic radiation that can cause ionization in matter, such as X-rays, gamma rays, or alpha particles. These types of radiation are typically removed using other technologies, like radiation shielding or gas-filled detectors.

Therefore, Statement I is correct because electrostatic precipitators are indeed widely used in thermal power plants for removing particulate matter, but Statement II is incorrect because they do not remove ionizing radiations.",C,True,10,9,"The explanation is clear and well-structured, using proper terminology such as ""electrostatic attraction"" and ""ionizing radiation."" It logically distinguishes between the functions of electrostatic precipitators and the nature of ionizing radiation, providing a step-by-step justification for why Statement II is incorrect. The response correctly applies scientific principles, demonstrating a strong understanding of the topic.",Physics,6607.6
Question_Paper_26_p37_q180,Biology,Llama 3.1 8B,dspy_baseline,DSPy Baseline,C,C,True,10,4,"The explanation lacks clarity and logical reasoning as it does not provide any detailed analysis or step-by-step reasoning for why Statement I is correct and Statement II is incorrect. There is no use of proper terminology or scientific principles to justify the evaluation of the statements. The response is essentially just the final answer without any supporting explanation, which significantly reduces its effectiveness in demonstrating understanding.",Physics,6113.5
Question_Paper_26_p37_q180,Biology,Llama 3.1 8B,dspy_bootstrap,DSPy Bootstrap,C,C,True,10,3,"The explanation lacks clarity and logical reasoning as it does not provide any detailed analysis or step-by-step approach to justify why Statement I is correct and Statement II is incorrect. There is no use of proper terminology or scientific principles to explain the function of an electrostatic precipitator in a thermal power plant. The response is essentially just the final answer without any supporting explanation, which significantly reduces its effectiveness in demonstrating understanding.",Physics,2189.8
Question_Paper_26_p37_q180,Biology,Llama 3.1 8B,dspy_mipro,DSPy MIPROv2,C: Statement I is correct but Statement II is incorrect.,C,True,10,6,"The explanation correctly identifies that Statement I is accurate, as electrostatic precipitators are indeed widely used in thermal power plants. However, the response lacks clarity and depth in explaining why Statement II is incorrect. It does not provide a step-by-step logical reasoning or use proper terminology to clarify that electrostatic precipitators are used to remove particulate matter, not ionizing radiations. The explanation could be improved by detailing the principles of how electrostatic precipitators function and why they are not related to ionizing radiation removal.",Physics,2314.3
Question_Paper_26_p37_q180,Biology,Gemma2 9B,vanilla,Vanilla ANEETAA,"**Answer:** B: Both Statement I and Statement II are incorrect.

**Explanation:**

* **Statement I:** Electrostatic precipitators are indeed widely used in thermal power plants. They effectively remove particulate matter (like ash and soot) from the exhaust gases produced by burning fossil fuels. 

* **Statement II:**  Electrostatic precipitators do *not* remove ionizing radiation. Ionizing radiation requires specialized shielding and filtration methods, not electrostatic techniques.",C,False,0,8,"The explanation is clear and uses proper terminology, effectively distinguishing between the functions of an electrostatic precipitator and the handling of ionizing radiation. The logical reasoning is sound, as it provides a step-by-step clarification of why each statement is incorrect, though it could benefit from a slightly more detailed explanation of the principles involved. The method is correct in applying the relevant physics concepts to evaluate the statements.",Physics,5798.0
Question_Paper_26_p37_q180,Biology,Gemma2 9B,dspy_baseline,DSPy Baseline,C,C,True,10,3,"The explanation lacks clarity and logical reasoning as it does not provide any detailed analysis or step-by-step justification for the chosen answer. There is no use of proper terminology or definitions related to electrostatic precipitators, nor is there any discussion of the principles behind their operation. The response fails to address why Statement I is correct and why Statement II is incorrect, leaving the reasoning incomplete and unsubstantiated.",Physics,5397.0
Question_Paper_26_p37_q180,Biology,Gemma2 9B,dspy_bootstrap,DSPy Bootstrap,C,C,True,10,3,"The explanation lacks clarity and logical reasoning as it does not provide any detailed analysis or step-by-step justification for the chosen answer. There is no use of proper terminology or definitions related to electrostatic precipitators, nor is there any discussion of the principles behind their operation. The response fails to address why Statement I is correct and why Statement II is incorrect, leaving the reasoning incomplete and unsubstantiated.",Physics,1865.4
Question_Paper_26_p37_q180,Biology,Gemma2 9B,dspy_mipro,DSPy MIPROv2,C,C,True,10,4,"The explanation lacks clarity and logical reasoning as it does not provide any detailed analysis or step-by-step reasoning for why Statement I is correct and Statement II is incorrect. There is no use of proper terminology or scientific principles to justify the evaluation of the statements. The response is essentially just an answer choice without any supporting explanation, which significantly reduces its effectiveness in demonstrating understanding.",Physics,5569.9
Question_Paper_26_p37_q180,Biology,Mistral Nemo 12B,vanilla,Vanilla ANEETAA,"**Answer:** C

**Explanation:**
- Statement I is correct. Electrostatic precipitators (ESPs) are indeed widely used in thermal power plants for removing fly ash and other particles from the flue gas emissions.
- Statement II is incorrect. ESPs do not remove ionising radiations. They work on the principle of attraction between charged particles, which makes them effective for removing solid particles like dust, smoke, and fly ash.

**Translation:**
- statement1: correct
- statement2: incorrect",C,True,10,8,"The explanation is clear and uses proper terminology, such as ""electrostatic precipitators"" and ""flue gas emissions,"" which contributes to a well-structured response. The logical reasoning is sound, as it provides a step-by-step analysis of each statement, explaining why Statement I is correct and Statement II is incorrect. The explanation correctly applies the scientific principles related to the function of electrostatic precipitators, focusing on their role in removing particulate matter rather than ionizing radiation. However, the explanation could be slightly improved by elaborating more on the principles of how ESPs work.",Physics,6772.6
Question_Paper_26_p37_q180,Biology,Mistral Nemo 12B,dspy_baseline,DSPy Baseline,C: Statement I is correct but Statement II is incorrect.,C,True,10,5,"The explanation lacks clarity and logical reasoning as it does not provide any detailed justification or step-by-step analysis for why Statement I is correct and Statement II is incorrect. There is no use of proper terminology or scientific principles to explain the function of an electrostatic precipitator in a thermal power plant. The response is essentially a conclusion without any supporting reasoning, which diminishes its educational value.",Physics,5938.6
Question_Paper_26_p37_q180,Biology,Mistral Nemo 12B,dspy_bootstrap,DSPy Bootstrap,C,C,True,10,4,"The explanation lacks clarity and logical reasoning as it does not provide any detailed analysis or step-by-step reasoning for why Statement I is correct and Statement II is incorrect. There is no use of proper terminology or scientific principles to justify the evaluation of the statements. The response is essentially just the final answer without any supporting explanation, which significantly reduces the quality of the explanation.",Physics,2745.7
Question_Paper_26_p37_q180,Biology,Mistral Nemo 12B,dspy_mipro,DSPy MIPROv2,C,C,True,10,3,"The explanation lacks clarity and logical reasoning, as it does not provide any detailed analysis or step-by-step justification for the chosen answer. There is no use of proper terminology or definitions related to electrostatic precipitators, nor is there any discussion of the principles behind their operation. The response fails to address why Statement I is correct and why Statement II is incorrect, leaving the reasoning incomplete and unsubstantiated.",Physics,6369.8
Question_Paper_42_p24_q118,Biology,Llama 3.1 8B,vanilla,Vanilla ANEETAA,"The correct answer is C: All genes that are expressed as RNA.

Explanation:

Expressed Sequence Tags (ESTs) are short DNA sequences, typically 200-600 base pairs in length, that represent the expressed part of a gene. They are derived from cDNA libraries, which contain complementary DNA copies of mRNA molecules. ESTs are used to identify and characterize genes by analyzing their sequence.

In essence, ESTs represent all genes that are expressed as RNA, making option C the correct answer.

Option A is incorrect because not all genes are expressed or unexpressed; some may be silenced or regulated in certain conditions.

Option B is also incorrect because ESTs do not specifically refer to ""important"" genes; they can represent any gene that is being transcribed into RNA.

Option D is incorrect because ESTs represent the expression of genes as RNA, not as proteins.",C,True,10,9,"The explanation is clear and uses appropriate biological terminology, such as ""cDNA libraries"" and ""mRNA molecules,"" which enhances clarity. The logical reasoning is strong, as the response systematically addresses why each option is incorrect, providing a clear justification for the correct choice. The explanation correctly applies biological principles related to gene expression and the role of ESTs, demonstrating a solid understanding of the topic.",Biology,6276.3
Question_Paper_42_p24_q118,Biology,Llama 3.1 8B,dspy_baseline,DSPy Baseline,C,C,True,10,4,"The explanation lacks clarity and depth, as it does not provide any reasoning or justification for selecting option C. There is no use of biological terminology or a structured approach to explain what Expressed Sequence Tags (ESTs) are or why they relate to expressed genes as RNA. The response fails to demonstrate logical reasoning or the application of scientific principles, making it difficult to assess the solver's understanding of the concept.",Biology,5190.9
Question_Paper_42_p24_q118,Biology,Llama 3.1 8B,dspy_bootstrap,DSPy Bootstrap,C,C,True,10,4,"The explanation lacks clarity and logical reasoning as it does not provide any justification or step-by-step approach to arrive at the chosen option. There is no use of biological terminology or principles to explain what Expressed Sequence Tags (ESTs) are, which diminishes the clarity and correctness of the method. The response is essentially just the selection of an option without any accompanying explanation.",Biology,2640.8
Question_Paper_42_p24_q118,Biology,Llama 3.1 8B,dspy_mipro,DSPy MIPROv2,C,C,True,10,4,"The explanation lacks clarity and depth, as it does not provide any reasoning or justification for selecting option C. There is no use of biological terminology or a structured approach to explain what Expressed Sequence Tags (ESTs) are, nor is there any logical reasoning or step-by-step process to support the choice. The response fails to demonstrate an understanding of the biological principles involved, which significantly impacts the quality of the explanation.",Biology,4932.1
Question_Paper_42_p24_q118,Biology,Gemma2 9B,vanilla,Vanilla ANEETAA,"**Answer:** C: All genes that are expressed as RNA. 


**Explanation:**

Expressed Sequence Tags (ESTs) are short DNA sequences derived from the mRNA transcripts of a genome.  Since mRNA is produced only when a gene is actively being expressed, ESTs represent a snapshot of the genes currently being transcribed into RNA within a particular cell or tissue at a specific time.",C,True,10,9,"The explanation is clear and uses appropriate biological terminology, such as ""mRNA transcripts"" and ""actively being expressed,"" which enhances clarity. The logical reasoning is strong, as it provides a step-by-step understanding of how ESTs are derived from mRNA, effectively linking the concept of gene expression to the production of RNA. The explanation correctly applies biological principles by focusing on the relationship between gene expression and mRNA, making it a well-structured and informative response.",Biology,5580.0
Question_Paper_42_p24_q118,Biology,Gemma2 9B,dspy_baseline,DSPy Baseline,C,C,True,10,4,"The explanation lacks clarity and logical reasoning, as it does not provide any justification or step-by-step approach to arrive at the chosen option. There is no use of biological terminology or principles to explain what Expressed Sequence Tags (ESTs) are, which diminishes the clarity and correctness of the method. The response is essentially just a selection of an option without any accompanying explanation.",Biology,5392.5
Question_Paper_42_p24_q118,Biology,Gemma2 9B,dspy_bootstrap,DSPy Bootstrap,C,C,True,10,4,"The explanation lacks clarity and logical reasoning as it does not provide any justification or step-by-step approach to arrive at the chosen option. There is no use of biological terminology or principles to explain what Expressed Sequence Tags (ESTs) are, which diminishes the clarity and correctness of the method. The response is essentially a direct answer without any supporting explanation, which is crucial for understanding the reasoning process.",Biology,1617.8
Question_Paper_42_p24_q118,Biology,Gemma2 9B,dspy_mipro,DSPy MIPROv2,C,C,True,10,5,"The explanation lacks clarity and depth, as it does not provide any reasoning or justification for selecting option C. There is no use of biological terminology or a structured approach to explain what Expressed Sequence Tags (ESTs) are, nor is there any logical reasoning to guide the reader through the thought process. The response fails to demonstrate an understanding of the biological principles involved, which diminishes the overall quality of the explanation.",Biology,4724.6
Question_Paper_42_p24_q118,Biology,Mistral Nemo 12B,vanilla,Vanilla ANEETAA,"**English:** C: All genes that are expressed as RNA.

Explanation: Expressed Sequence Tags (ESTs) are short subsequences of cDNA derived from mRNA transcripts of active genes. They represent genes that are being transcribed into RNA, not necessarily translated into proteins. Therefore, the correct option is C.

**Translation:**
- A: Todos los genes, ya sean expresados o no expresados.
- B: Certain importantes genes expresados.
- C: Todos los genes que son expresados como ARN.
- D: Todos los genes que son expresados como proteínas.

Explicación en español: Los Expressed Sequence Tags (ESTs) son subsecuencias cortas de cDNA derivadas de transcripciones de ARNm de genes activos. Representan genes que están siendo transcrito en ARN, no necesariamente traducidos en proteínas. Por lo tanto, la opción correcta es C.",C,True,10,9,"The explanation is clear and uses appropriate biological terminology, such as ""cDNA"" and ""mRNA transcripts,"" which enhances clarity. The logical reasoning is strong, as it provides a concise yet comprehensive explanation of what ESTs are and how they relate to gene expression, focusing on transcription rather than translation. The explanation correctly applies biological principles by distinguishing between RNA transcription and protein translation, demonstrating a solid understanding of the concept.",Biology,7911.5
Question_Paper_42_p24_q118,Biology,Mistral Nemo 12B,dspy_baseline,DSPy Baseline,C: All genes that are expressed as RNA.,C,True,10,4,"The explanation lacks clarity and depth, as it does not provide any detailed reasoning or use of biological terminology to justify the choice of option C. There is no step-by-step approach or logical reasoning presented to explain why ESTs refer to genes expressed as RNA, nor is there any discussion of the biological principles underlying the concept of ESTs. The response is essentially a restatement of the chosen option without any elaboration or justification.",Biology,5427.4
Question_Paper_42_p24_q118,Biology,Mistral Nemo 12B,dspy_bootstrap,DSPy Bootstrap,C,C,True,10,5,"The explanation lacks clarity and depth, as it does not provide any reasoning or justification for selecting option C. There is no use of biological terminology or a structured approach to explain why ESTs are related to expressed genes as RNA. The response fails to demonstrate logical reasoning or the application of scientific principles, making it difficult to assess the solver's understanding of the concept.",Biology,3032.3
Question_Paper_42_p24_q118,Biology,Mistral Nemo 12B,dspy_mipro,DSPy MIPROv2,C,C,True,10,4,"The explanation lacks clarity and logical reasoning, as it does not provide any justification or step-by-step approach to arrive at the chosen option. There is no use of biological terminology or principles to explain what Expressed Sequence Tags (ESTs) are, which diminishes the clarity and correctness of the method. The response is essentially just a selection of an option without any accompanying explanation.",Biology,6451.2
NEET_Q_8_P38_87,Chemistry,Llama 3.1 8B,vanilla,Vanilla ANEETAA,"The correct option is (C): (C) > (B) > (A).

In the given complexes, the energy absorbed and responsible for their color depends on the ligand field strength. The stronger the ligand field, the higher the energy of absorption.

Complex (C) [Ni(en)_3]^{2+} has a strong ligand field due to the presence of three ethylenediamine (en) ligands, which are strong-field ligands. This results in a high-energy absorption band.

Complex (B) [Ni(H_2O)_4(en)]^{2+} has a moderate ligand field strength due to the presence of four water molecules and one ethylenediamine ligand. The energy of absorption is lower than that of complex (C).

Complex (A) [Ni(H_2O)_2(en)_2]^{2+} has a weak ligand field strength due to the presence of two water molecules and two ethylenediamine ligands. The energy of absorption is lowest among the three complexes.

Therefore, the order of energy absorbed responsible for the color of the complexes is (C) > (B) > (A).",D,False,0,8,"The explanation is clear and uses proper terminology, such as ""ligand field strength"" and ""energy of absorption,"" which contributes to its clarity. The logical reasoning is strong, as it provides a step-by-step comparison of the ligand field strengths of the complexes, justifying the order of energy absorption. The method is correct in applying the concept of ligand field theory to explain the differences in energy absorption, demonstrating a good understanding of the chemistry concepts involved. However, the explanation could be improved by briefly explaining why ethylenediamine is considered a strong-field ligand compared to water.",Chemistry,7073.1
NEET_Q_8_P38_87,Chemistry,Llama 3.1 8B,dspy_baseline,DSPy Baseline,C,D,False,0,2,"The explanation lacks clarity and logical reasoning, as it does not provide any justification or step-by-step approach to determine the order of energy absorbed by the complexes. There is no use of proper terminology or scientific principles, such as discussing ligand field theory or the spectrochemical series, which are crucial for understanding the color of complexes. The response is essentially just the final answer without any supporting explanation, making it difficult to assess the correctness of the method.",Chemistry,9298.8
NEET_Q_8_P38_87,Chemistry,Llama 3.1 8B,dspy_bootstrap,DSPy Bootstrap,A,D,False,0,3,"The explanation lacks clarity and logical reasoning, as it does not provide any detailed analysis or step-by-step approach to determine the order of energy absorbed by the complexes. There is no use of proper terminology or scientific principles, such as discussing ligand field theory or the spectrochemical series, which are crucial for understanding the color of complexes. The response is essentially just an answer choice without any supporting explanation, making it difficult to assess the correctness of the method.",Chemistry,9215.3
NEET_Q_8_P38_87,Chemistry,Llama 3.1 8B,dspy_mipro,DSPy MIPROv2,C,D,False,0,3,"The explanation lacks clarity and logical reasoning, as it does not provide any detailed analysis or step-by-step approach to justify the order of energy absorption for the complexes. There is no use of proper terminology or scientific principles, such as crystal field theory or ligand field strength, which are crucial for understanding the color of complexes. The response is essentially just the final answer without any supporting explanation, which significantly diminishes its educational value.",Chemistry,6906.4
NEET_Q_8_P38_87,Chemistry,Gemma2 9B,vanilla,Vanilla ANEETAA,"The correct answer is **(C) (C) > (B) > (A)**

**Explanation:**

The color of a complex ion is determined by the energy difference between its d-orbitals. This energy difference is influenced by the ligands surrounding the metal ion. 

* **Strong field ligands** cause a larger splitting of the d-orbitals, leading to absorption of higher energy light (shorter wavelength) and therefore appearing as colors with shorter wavelengths (e.g., blue or violet).
* **Weak field ligands** cause a smaller splitting of the d-orbitals, leading to absorption of lower energy light (longer wavelength) and therefore appearing as colors with longer wavelengths (e.g., red or orange).

Let's analyze the complexes:

* **(C) [Ni(en)_3]^{2+}:**  Ethylenediamine (en) is a strong field ligand. Three en ligands create a large splitting of d-orbitals, resulting in absorption of high energy light and a color towards the blue/violet end of the spectrum.
* **(B) [Ni(H_2O)_4(en)]^{2+}:** This complex has both water (weak field ligand) and ethylenediamine (strong field ligand). The presence of water ligands reduces the overall splitting compared to (C), leading to absorption of slightly lower energy light and a color less blue/violet.
* **(A) [Ni(H_2O)_2(en)_2]^{2+}:** This complex has the most water ligands, making it the weakest field ligand environment. The d-orbital splitting is smallest, resulting in absorption of the lowest energy light and a color towards the red/orange end of the spectrum.



Therefore, the order of increasing energy absorbed (and decreasing color wavelength) is **(C) > (B) > (A)**.",D,True,10,9,"The explanation is clear and well-structured, using appropriate terminology such as ""strong field ligands"" and ""d-orbital splitting"" to explain the concept. The logical reasoning is strong, with a step-by-step analysis of each complex and how the ligands affect the energy absorbed. The explanation correctly applies the principles of ligand field theory to justify the order of energy absorption, demonstrating a solid understanding of the chemistry concepts involved.",Chemistry,9682.6
NEET_Q_8_P38_87,Chemistry,Gemma2 9B,dspy_baseline,DSPy Baseline,C,D,False,0,2,"The explanation lacks clarity, as it does not provide any reasoning or use of proper terminology to justify the order of energy absorbed by the complexes. There is no logical reasoning or step-by-step approach presented, and the response fails to apply any scientific principles or methodology to explain the order of energy absorption. The response is essentially just the final answer without any supporting explanation.",Chemistry,10909.1
NEET_Q_8_P38_87,Chemistry,Gemma2 9B,dspy_bootstrap,DSPy Bootstrap,D,D,True,10,2,"The explanation lacks clarity and logical reasoning, as it does not provide any justification or step-by-step approach to determine the order of energy absorbed by the complexes. There is no use of proper terminology or scientific principles, such as discussing ligand field theory or the spectrochemical series, which are crucial for understanding the color of complexes. The response is essentially just the final answer without any supporting explanation, making it difficult to assess the correctness of the method.",Chemistry,8547.6
NEET_Q_8_P38_87,Chemistry,Gemma2 9B,dspy_mipro,DSPy MIPROv2,D,D,True,10,2,"The explanation lacks clarity and logical reasoning, as it does not provide any detailed analysis or justification for the order of energy absorption in the complexes. There is no use of proper terminology or structured response to explain the factors affecting the color of complexes, such as ligand field strength or crystal field splitting. The response fails to demonstrate any application of scientific principles or methodology, making it difficult to assess the correctness of the reasoning.",Chemistry,8416.9
NEET_Q_8_P38_87,Chemistry,Mistral Nemo 12B,vanilla,Vanilla ANEETAA,"The correct answer is C: (C) > (B) > (A).

Explanation:
The color of complexes is determined by the energy absorbed, which is related to the crystal field splitting energy. The crystal field splitting energy increases with the number of ligands and decreases with the number of water molecules.

- Complex (C), [Ni(en)_3]^{2+}, has three bidentate ethylenediamine (en) ligands, resulting in a high crystal field splitting energy due to the large number of ligands.
- Complex (B), [Ni(H_2O)_4(en)]^{2+}, has one en ligand and four water molecules. The presence of water molecules reduces the crystal field splitting energy compared to complex (C).
- Complex (A), [Ni(H_2O)_2(en)_2]^{2+}, has two en ligands and two water molecules, resulting in a lower crystal field splitting energy than complexes (B) and (C).

Therefore, the order of energy absorbed is (C) > (B) > (A).",D,False,0,8,"The explanation is clear and uses proper terminology, such as ""crystal field splitting energy,"" which is crucial for understanding the color of complexes. The logical reasoning is strong, as it systematically compares the complexes based on the number and type of ligands, providing a clear justification for the order of energy absorbed. However, the explanation could be improved by explicitly discussing the relative strength of ethylenediamine compared to water as ligands, which would enhance the understanding of why the crystal field splitting energy varies among the complexes.",Chemistry,8371.3
NEET_Q_8_P38_87,Chemistry,Mistral Nemo 12B,dspy_baseline,DSPy Baseline,D,D,True,10,2,"The explanation lacks clarity, as it does not provide any reasoning or use of proper terminology to justify the order of energy absorbed by the complexes. There is no logical reasoning or step-by-step approach presented, and the response fails to apply any scientific principles or methodology to explain the order of energy absorption. The response is essentially just the final answer without any supporting explanation.",Chemistry,9361.0
NEET_Q_8_P38_87,Chemistry,Mistral Nemo 12B,dspy_bootstrap,DSPy Bootstrap,B,D,False,0,2,"The MCQ solver's response lacks any explanation or reasoning, providing only the final answer without any supporting details. There is no use of proper terminology, no step-by-step approach, and no justification for the choice made. The response fails to demonstrate any logical reasoning or application of chemistry concepts related to the color of complexes, such as ligand field theory or the spectrochemical series.",Chemistry,8346.1
NEET_Q_8_P38_87,Chemistry,Mistral Nemo 12B,dspy_mipro,DSPy MIPROv2,C,D,False,0,3,"The explanation lacks clarity and logical reasoning, as it does not provide any detailed analysis or step-by-step approach to justify the order of energy absorbed by the complexes. There is no use of proper terminology or scientific principles, such as discussing ligand field theory or the spectrochemical series, which are crucial for understanding the color of complexes. The response is essentially just the final answer without any supporting explanation, which significantly diminishes its educational value.",Chemistry,13496.0
Question_Paper_38_p8_q46,Physics,Llama 3.1 8B,vanilla,Vanilla ANEETAA,"To find the temperature coefficient of resistance, we can use the formula:

α = (R2 - R1) / (T2 - T1) × (1/R1)

where:
- α is the temperature coefficient of resistance
- R1 and R2 are the resistances at temperatures T1 and T2 respectively
- T1 and T2 are the temperatures in Celsius

Given values:
R1 = 2 Ω at T1 = 0°C
R2 = 6.8 Ω at T2 = 80°C

Substitute these values into the formula:

α = (6.8 - 2) / (80 - 0) × (1/2)
= 4.8 / 80 × (1/2)
= 0.06 / 40
= 3 × 10^{-3} °C^{-1}

So, the correct option is:

C: 3 \times 10^{-3} °C^{-1}",D,False,0,9,"The explanation is clear and well-structured, using proper terminology and defining variables effectively. The logical reasoning is strong, with a step-by-step approach that includes the relevant formula and substitution of values, making it easy to follow. The method is correctly applied, demonstrating a solid understanding of the physics principles involved in calculating the temperature coefficient of resistance.",Physics,6602.8
Question_Paper_38_p8_q46,Physics,Llama 3.1 8B,dspy_baseline,DSPy Baseline,A: 3 \times 10^{-1} °C^{-1},D,False,0,2,"The explanation lacks clarity and logical reasoning, as it does not provide any step-by-step approach or justification for the chosen answer. There is no use of proper terminology or definitions, and the response fails to apply the correct scientific principles or methodology to solve the problem. The explanation is essentially non-existent, offering only a final answer without any supporting reasoning.",Physics,9242.6
Question_Paper_38_p8_q46,Physics,Llama 3.1 8B,dspy_bootstrap,DSPy Bootstrap,A,D,False,0,2,"The explanation lacks clarity and logical reasoning, as it does not provide any step-by-step approach or use proper terminology to solve the problem. There is no mention of the formula for the temperature coefficient of resistance or any calculations that lead to the answer. The response fails to demonstrate the application of relevant physics principles, making it difficult to follow or understand the reasoning behind the chosen answer.",Physics,2597.2
Question_Paper_38_p8_q46,Physics,Llama 3.1 8B,dspy_mipro,DSPy MIPROv2,D,D,True,10,2,"The explanation lacks clarity and logical reasoning as it does not provide any step-by-step approach or use of proper terminology to solve the problem. There is no mention of the formula for the temperature coefficient of resistance or any calculations that lead to the answer. The response fails to demonstrate the application of relevant physics principles, making it difficult to follow or understand the reasoning behind the chosen answer.",Physics,4721.4
Question_Paper_38_p8_q46,Physics,Gemma2 9B,vanilla,Vanilla ANEETAA,"The temperature coefficient of resistance (α) is defined as the change in resistance per unit resistance per degree Celsius change in temperature.  

Mathematically, it's represented as:

α = (R₂ - R₁) / (R₁ * ΔT)

Where:

* R₁ = Resistance at initial temperature
* R₂ = Resistance at final temperature
* ΔT = Change in temperature

Given:

* R₁ = 2 Ω
* R₂ = 6.8 Ω
* ΔT = 80°C - 0°C = 80°C

Substituting these values into the formula:

α = (6.8 Ω - 2 Ω) / (2 Ω * 80°C) 
α = 4.8 Ω / 160 Ω °C
α = 3 × 10⁻² °C⁻¹




**Answer:** D: 3 × 10⁻² °C⁻¹",D,True,10,9,"The explanation is clear and well-structured, using proper terminology and defining all variables involved, which contributes to a high clarity score. The logical reasoning is strong, with a step-by-step approach that includes the relevant formula and substitution of values, making the process easy to follow. The method is correctly applied, demonstrating a solid understanding of the physics principles involved in calculating the temperature coefficient of resistance.",Physics,7315.2
Question_Paper_38_p8_q46,Physics,Gemma2 9B,dspy_baseline,DSPy Baseline,D,D,True,10,4,"The explanation lacks clarity and logical reasoning as it does not provide any step-by-step approach or justification for the chosen answer. There is no use of proper terminology or definitions, such as the formula for the temperature coefficient of resistance, which is crucial for understanding the problem. The response fails to demonstrate the application of relevant physics principles, making it difficult to follow the reasoning process.",Physics,7067.8
Question_Paper_38_p8_q46,Physics,Gemma2 9B,dspy_bootstrap,DSPy Bootstrap,D,D,True,10,2,"The explanation lacks clarity and logical reasoning as it does not provide any step-by-step approach or justification for the chosen answer. There is no use of proper terminology or definitions, and the response fails to apply any scientific principles or equations related to the temperature coefficient of resistance. The explanation is essentially non-existent, offering only a final answer without any supporting reasoning.",Physics,3672.8
Question_Paper_38_p8_q46,Physics,Gemma2 9B,dspy_mipro,DSPy MIPROv2,D,D,True,10,4,"The explanation lacks clarity and logical reasoning as it does not provide any step-by-step approach or justification for the chosen answer. There is no use of proper terminology or definitions, such as the formula for the temperature coefficient of resistance, which is crucial for understanding the problem. The response fails to demonstrate the application of relevant physics principles, making it difficult to follow the reasoning process.",Physics,7194.9
Question_Paper_38_p8_q46,Physics,Mistral Nemo 12B,vanilla,Vanilla ANEETAA,"The temperature coefficient of resistance (α) can be calculated using the formula:

α = (R₂ - R₁) / (R₁ × (T₂ - T₁))

Where:
- R₁ is the initial resistance at temperature T₁,
- R₂ is the final resistance at temperature T₂.

Plugging in the given values:

α = (6.8 Ω - 2 Ω) / (2 Ω × (80°C - 0°C))
α = 4.8 Ω / (160°C × 2 Ω)
α = 4.8 / 320
α = 0.015 °C^{-1}

So, the temperature coefficient of resistance is approximately 3 × 10^{-2} °C^{-1}.

Therefore, the correct answer is D: 3 × 10^{-2} °C^{-1}.",D,True,10,9,"The explanation is clear and well-structured, using proper terminology and defining variables appropriately. The logical reasoning is strong, with a step-by-step approach that includes the relevant formula and substitution of values, making it easy to follow. The method is correctly applied, demonstrating a solid understanding of the physics principles involved in calculating the temperature coefficient of resistance.",Physics,7984.1
Question_Paper_38_p8_q46,Physics,Mistral Nemo 12B,dspy_baseline,DSPy Baseline,C: 3 × 10^{-3} °C^{-1},D,False,0,2,"The explanation lacks clarity and logical reasoning as it does not provide any step-by-step approach or justification for the answer choice. There is no use of proper terminology or definitions, such as the formula for the temperature coefficient of resistance, which is crucial for understanding the problem. The response fails to demonstrate the application of relevant physics principles, making it difficult to follow or learn from.",Physics,6939.9
Question_Paper_38_p8_q46,Physics,Mistral Nemo 12B,dspy_bootstrap,DSPy Bootstrap,D,D,True,10,2,"The explanation lacks clarity and logical reasoning as it does not provide any step-by-step approach or justification for the answer choice. There is no use of proper terminology or definitions, and the response fails to apply any scientific principles or equations related to the temperature coefficient of resistance. The explanation is essentially non-existent, making it difficult to assess the reasoning behind the answer.",Physics,6006.1
Question_Paper_38_p8_q46,Physics,Mistral Nemo 12B,dspy_mipro,DSPy MIPROv2,D,D,True,10,2,"The explanation lacks clarity and logical reasoning, as it does not provide any step-by-step approach or justification for the answer choice. There is no use of proper terminology or definitions, and the response fails to apply any scientific principles or equations related to the temperature coefficient of resistance. The explanation is essentially non-existent, offering only a final answer without any supporting reasoning.",Physics,7342.0
Question_Paper_38_p19_q92,Chemistry,Llama 3.1 8B,vanilla,Vanilla ANEETAA,"The correct option is (B): Both Statement I and Statement II are true.

Explanation:
Eutrophication is a process where nutrient-rich water bodies lead to an overgrowth of algae, which eventually die and decompose, consuming oxygen in the water body. This leads to a decrease in the level of oxygen in the water bodies.",A,True,10,6,"The explanation uses appropriate biological terminology, such as ""eutrophication"" and ""nutrient-rich water bodies,"" which contributes to clarity. However, the explanation lacks a detailed step-by-step approach and does not explicitly address the incorrectness of Statement I, which is crucial for logical reasoning. The explanation correctly applies the principle of eutrophication leading to oxygen depletion, but it fails to address the mechanism by which nutrient deficiency, rather than nutrient richness, would not lead to eutrophication, affecting the correctness of the method.",Biology,5179.2
Question_Paper_38_p19_q92,Chemistry,Llama 3.1 8B,dspy_baseline,DSPy Baseline,A,A,True,10,3,"The explanation lacks clarity and logical reasoning, as it does not provide any justification or step-by-step approach to evaluate the statements. There is no use of biological terminology or principles to explain why Statement I is incorrect and Statement II is true. The response fails to demonstrate an understanding of the mechanisms of eutrophication and its effects on oxygen levels in water bodies.",Biology,5839.0
Question_Paper_38_p19_q92,Chemistry,Llama 3.1 8B,dspy_bootstrap,DSPy Bootstrap,A,A,True,10,3,"The explanation lacks clarity and logical reasoning as it does not provide any justification or detailed analysis of the statements. There is no use of biological terminology or explanation of the processes involved in eutrophication, such as nutrient enrichment and its effects on oxygen levels. The response fails to apply scientific principles to evaluate the statements, resulting in a poor quality explanation.",Biology,2004.8
Question_Paper_38_p19_q92,Chemistry,Llama 3.1 8B,dspy_mipro,DSPy MIPROv2,A,A,True,10,3,"The explanation lacks clarity and logical reasoning as it does not provide any justification or detailed analysis of the statements. There is no use of biological terminology or explanation of the processes involved in eutrophication, such as nutrient enrichment and its effects on oxygen levels. The response fails to apply scientific principles to evaluate the statements, resulting in a poor quality explanation.",Biology,2046.1
Question_Paper_38_p19_q92,Chemistry,Gemma2 9B,vanilla,Vanilla ANEETAA,"**Answer:** B: Both Statement I and Statement II are true.

**Explanation:**

* **Statement I:** Nutrient-deficient water bodies do not lead to eutrophication. Eutrophication occurs when there is an excess of nutrients, primarily nitrogen and phosphorus, in water bodies. These nutrients fuel the rapid growth of algae and other aquatic plants. 
* **Statement II:**  Eutrophication leads to a decrease in oxygen levels in water bodies. When the excess algae die, they decompose. This decomposition process consumes large amounts of dissolved oxygen, leading to hypoxia (low oxygen) or even anoxia (no oxygen).",A,True,10,7,"The explanation is clear and uses appropriate biological terminology, such as ""eutrophication,"" ""nutrients,"" and ""hypoxia."" It logically explains the process of eutrophication and its effects on oxygen levels in water bodies, demonstrating a good understanding of the biological mechanisms involved. However, the explanation for Statement I is contradictory to the solver's final answer, which could confuse the reader. Despite this, the reasoning and explanation of the biological principles are mostly correct and well-structured.",Biology,6230.1
Question_Paper_38_p19_q92,Chemistry,Gemma2 9B,dspy_baseline,DSPy Baseline,B,A,False,0,2,"The MCQ solver's response lacks any explanation or reasoning for the chosen answer. There is no use of biological terminology, no logical reasoning provided to justify the selection, and no application of scientific principles to explain the relationship between nutrient levels, eutrophication, and oxygen levels in water bodies. The response is simply a choice without any supporting explanation, which significantly diminishes its clarity and educational value.",Biology,5826.8
Question_Paper_38_p19_q92,Chemistry,Gemma2 9B,dspy_bootstrap,DSPy Bootstrap,A,A,True,10,3,"The explanation lacks clarity and logical reasoning as it does not provide any justification or detailed analysis of the statements. There is no use of biological terminology or explanation of the processes involved in eutrophication, such as nutrient enrichment and its effects on oxygen levels. The response fails to apply scientific principles to evaluate the statements, resulting in a poor quality explanation.",Biology,2508.8
Question_Paper_38_p19_q92,Chemistry,Gemma2 9B,dspy_mipro,DSPy MIPROv2,A,A,True,10,3,"The explanation lacks clarity and logical reasoning, as it does not provide any justification or step-by-step approach to support the chosen answer. There is no use of biological terminology or principles to explain why Statement I is incorrect and Statement II is true. The response fails to demonstrate an understanding of the mechanisms of eutrophication and its effects on oxygen levels in water bodies.",Biology,9939.7
Question_Paper_38_p19_q92,Chemistry,Mistral Nemo 12B,vanilla,Vanilla ANEETAA,"**Answer:** B

**Explanation:**
- Statement I: Nutrient deficient water bodies cannot lead to eutrophication because eutrophication is caused by an excess of nutrients, leading to a bloom of algae. So, this statement is incorrect.
- Statement II: Eutrophication does indeed lead to a decrease in oxygen levels in the water body due to the decay of the excessive algal growth. This statement is true.

Therefore, the correct answer is B: Both Statement I and Statement II are true.

**Translation:**
- statement i: nutrient-deficient water bodies cannot cause eutrophication because eutrophication is caused by an excess of nutrients, leading to a bloom of algae. Therefore, this statement is incorrect.
- statement ii: eutrophication does indeed lead to a decrease in oxygen levels in the water body due to the decay of the excessive algal growth. This statement is true.

Therefore, the correct answer is B: Both Statement I and Statement II are true.",A,False,0,6,"The explanation demonstrates a clear understanding of the biological principles involved in eutrophication, using appropriate terminology and a logical structure. However, there is a contradiction in the conclusion, as the explanation correctly identifies Statement I as incorrect but then states that both statements are true. This inconsistency affects the clarity and correctness of the method, reducing the overall quality of the explanation.",Biology,8159.6
Question_Paper_38_p19_q92,Chemistry,Mistral Nemo 12B,dspy_baseline,DSPy Baseline,B: Both Statement I and Statement II are true.,A,False,0,2,"The explanation lacks clarity and logical reasoning as it simply states the answer without providing any justification or detailed analysis of the statements. There is no use of biological terminology or explanation of the processes involved in eutrophication, such as nutrient enrichment and its effects on oxygen levels. The response fails to demonstrate an understanding of the biological principles related to the question, resulting in a low-quality explanation.",Biology,5480.6
Question_Paper_38_p19_q92,Chemistry,Mistral Nemo 12B,dspy_bootstrap,DSPy Bootstrap,D,A,False,0,2,"The MCQ solver's response lacks any explanation or reasoning for the chosen answer. There is no use of biological terminology or a structured response to clarify the concepts of eutrophication and its effects. The solver fails to provide any logical reasoning or step-by-step approach to justify the selection of option D, resulting in a poor evaluation of the explanation quality.",Biology,2424.1
Question_Paper_38_p19_q92,Chemistry,Mistral Nemo 12B,dspy_mipro,DSPy MIPROv2,A,A,True,10,3,"The explanation lacks clarity and logical reasoning as it does not provide any justification or step-by-step approach to evaluate the statements. There is no use of biological terminology or explanation of the processes involved in eutrophication, such as how nutrient levels affect water bodies or the impact on oxygen levels. The response fails to apply scientific principles to assess the correctness of the statements, resulting in a low-quality explanation.",Biology,5909.1
Question_Paper_19_p15_q36,Physics,Llama 3.1 8B,vanilla,Vanilla ANEETAA,"Assertion (A) is incorrect. The stretching of a spring is determined by its Young's modulus, not shear modulus.

Reason (R) is also incorrect. Copper has lower tensile strength than steel.

So, the correct option is: B",B,True,10,8,"The explanation is clear and uses proper terminology, correctly identifying the relevant modulus for spring stretching as Young's modulus, not shear modulus. The reasoning is logically structured, with a step-by-step approach that addresses both the assertion and the reason separately. The explanation applies the correct physics principles, demonstrating a good understanding of material properties and their impact on spring behavior. However, the response could be improved by providing more detailed justification for why Young's modulus is relevant to spring stretching.",Physics,5059.5
Question_Paper_19_p15_q36,Physics,Llama 3.1 8B,dspy_baseline,DSPy Baseline,A,B,False,0,3,"The explanation lacks clarity and logical reasoning, as it does not provide any detailed analysis or step-by-step reasoning for why option A was chosen. There is no discussion of the physics principles involved, such as the role of shear modulus in spring stretching or the comparison of tensile strength between copper and steel. The response fails to define key terms or justify the choice of answer, resulting in a low-quality explanation.",Physics,5963.9
Question_Paper_19_p15_q36,Physics,Llama 3.1 8B,dspy_bootstrap,DSPy Bootstrap,B,B,True,10,4,"The explanation lacks clarity and logical reasoning as it does not provide any detailed analysis or step-by-step justification for the chosen answer. There is no use of proper terminology or definitions related to shear modulus, tensile strength, or how these concepts relate to the stretching of a spring. The response fails to apply scientific principles to explain why the assertion or reason might be true or false, resulting in a low-quality explanation.",Physics,3116.5
Question_Paper_19_p15_q36,Physics,Llama 3.1 8B,dspy_mipro,DSPy MIPROv2,B,B,True,10,4,"The explanation lacks clarity and logical reasoning as it does not provide any detailed analysis or step-by-step reasoning for the chosen answer. There is no use of proper terminology or definitions related to shear modulus, tensile strength, or how these concepts relate to the stretching of a spring. The response fails to apply scientific principles to justify why the assertion is true and the reason is false, resulting in a low score for explanation quality.",Physics,9823.5
Question_Paper_19_p15_q36,Physics,Gemma2 9B,vanilla,Vanilla ANEETAA,"**Answer:** C: (A) is false but (R) is true

**Explanation:**

* **Assertion (A):**  The stretching of a spring is determined by its *spring constant*, not the shear modulus. The spring constant represents the stiffness of the spring, indicating how much force is required to stretch it a given distance. 
* **Reason (R):** This statement is true. Steel generally has a higher tensile strength than copper. Tensile strength refers to a material's ability to withstand pulling forces before breaking.


Let me know if you have any other questions!",B,False,0,8,"The explanation is clear and uses proper terminology, such as ""spring constant"" and ""tensile strength,"" which are relevant to the context. The response logically addresses each statement separately, providing a clear rationale for why the assertion is false and the reason is true. However, the explanation could be improved by briefly mentioning why the shear modulus is not relevant to the stretching of a spring, which would enhance the completeness of the reasoning.",Physics,6140.3
Question_Paper_19_p15_q36,Physics,Gemma2 9B,dspy_baseline,DSPy Baseline,A,B,False,0,3,"The explanation lacks clarity and logical reasoning, as it does not provide any detailed analysis or step-by-step reasoning for why option A was chosen. There is no use of proper terminology or definitions related to shear modulus, tensile strength, or how these concepts relate to the stretching of a spring. The response fails to apply scientific principles to justify the choice, making it difficult to understand the reasoning behind the answer.",Physics,6709.8
Question_Paper_19_p15_q36,Physics,Gemma2 9B,dspy_bootstrap,DSPy Bootstrap,C,B,False,0,3,"The explanation lacks clarity and logical reasoning as it does not provide any detailed analysis or step-by-step approach to justify the choice of option C. There is no use of proper terminology or definitions related to shear modulus, tensile strength, or how these relate to the stretching of a spring. The response fails to apply scientific principles to explain why the assertion or reason might be true or false, resulting in a low score for explanation quality.",Physics,5092.8
Question_Paper_19_p15_q36,Physics,Gemma2 9B,dspy_mipro,DSPy MIPROv2,A,B,False,0,3,"The explanation lacks clarity and logical reasoning, as it does not provide any detailed analysis or step-by-step reasoning for why option A was chosen. There is no use of proper terminology or definitions related to shear modulus, tensile strength, or how these concepts relate to the stretching of a spring. The response fails to apply scientific principles or methodology to justify the choice, making it difficult to understand the reasoning behind the answer.",Physics,7537.7
Question_Paper_19_p15_q36,Physics,Mistral Nemo 12B,vanilla,Vanilla ANEETAA,"**Answer:** D

**Explanation:**
- Assertion (A): The stretching of a spring is determined by its shear modulus. This statement is true because the shear modulus (G) determines how much a material deforms under an applied shearing force, which is relevant for springs that undergo deformation.
- Reason (R): A coil spring of copper has more tensile strength than a steel spring of same dimensions. This statement is also true. Tensile strength is the maximum stress a material can withstand before breaking, and copper generally has higher tensile strength than steel.

Since both statements are true and R supports A by explaining why copper springs might stretch less (due to their higher tensile strength), the correct answer is D: Both (A) and (R) are true and (R) is the correct explanation of (A).",B,False,0,4,"The explanation lacks clarity and proper terminology, as it incorrectly associates the shear modulus with the stretching of a spring, which is more accurately determined by the spring constant and Young's modulus. The logical reasoning is flawed because it does not provide a step-by-step analysis or correct justification for the relationship between shear modulus and spring stretching. Additionally, the explanation incorrectly applies the concept of tensile strength to the context of spring deformation, indicating a misunderstanding of the relevant physics principles.",Physics,7736.6
Question_Paper_19_p15_q36,Physics,Mistral Nemo 12B,dspy_baseline,DSPy Baseline,C: A is false but R is true,B,False,0,4,"The explanation lacks clarity and logical reasoning, as it does not provide any detailed analysis or step-by-step reasoning to justify why the assertion is false and the reason is true. There is no use of proper terminology or definitions related to shear modulus, tensile strength, or the physics principles involved in the behavior of springs. The response fails to apply scientific principles to explain the relationship between the material properties and the stretching of a spring, resulting in a low score for explanation quality.",Physics,5573.7
Question_Paper_19_p15_q36,Physics,Mistral Nemo 12B,dspy_bootstrap,DSPy Bootstrap,A,B,False,0,3,"The explanation lacks clarity and logical reasoning, as it does not provide any detailed analysis or step-by-step reasoning for why option A was chosen. There is no discussion of the physics principles involved, such as the role of shear modulus in spring stretching or the comparison of tensile strength between copper and steel. The response fails to define key terms or justify the choice of answer, resulting in a low-quality explanation.",Physics,2358.5
Question_Paper_19_p15_q36,Physics,Mistral Nemo 12B,dspy_mipro,DSPy MIPROv2,B,B,True,10,4,"The explanation lacks clarity and logical reasoning as it does not provide any detailed analysis or step-by-step approach to justify the choice of option B. There is no use of proper terminology or definitions related to shear modulus, tensile strength, or how these concepts relate to the stretching of a spring. The response fails to apply scientific principles to explain why the assertion is true and the reason is false, resulting in a low score for explanation quality.",Physics,6735.9
Question_Paper_11_p51_q131,Biology,Llama 3.1 8B,vanilla,Vanilla ANEETAA,"The correct answer is D: Both genetic mapping and DNA finger printing.

Explanation: 

DNA polymorphism refers to variations in the DNA sequence among individuals or populations. These variations can be used for various purposes, including genetic mapping and DNA fingerprinting.

Genetic mapping involves identifying the location of genes on a chromosome based on their inheritance patterns. Polymorphisms can serve as markers for genetic mapping, allowing researchers to create detailed maps of the genome.

DNA fingerprinting is a technique that uses polymorphisms to identify individuals or match DNA samples from different sources. By analyzing specific regions of the genome with high polymorphism rates, researchers can generate unique profiles for each individual.

Therefore, both genetic mapping and DNA fingerprinting rely on the concept of DNA polymorphism.",D,True,10,9,"The explanation is clear and well-structured, using appropriate biological terminology such as ""DNA polymorphism,"" ""genetic mapping,"" and ""DNA fingerprinting."" It logically connects the concept of DNA polymorphism to its applications in genetic mapping and DNA fingerprinting, providing a step-by-step rationale for how polymorphisms serve as markers and identifiers. The explanation correctly applies biological principles, demonstrating a strong understanding of the mechanisms involved.",Biology,6118.9
Question_Paper_11_p51_q131,Biology,Llama 3.1 8B,dspy_baseline,DSPy Baseline,D: Both genetic mapping and DNA finger printing,D,True,10,8,"The explanation provided by the MCQ solver is clear and uses appropriate biological terminology, effectively addressing the role of DNA polymorphism in both genetic mapping and DNA fingerprinting. The logical reasoning is sound, as it connects DNA polymorphism to its applications in these processes, demonstrating a good understanding of the underlying biological principles. However, the explanation could be improved by elaborating on the specific mechanisms by which DNA polymorphism contributes to these applications, which would enhance the depth of the response.",Biology,6382.9
Question_Paper_11_p51_q131,Biology,Llama 3.1 8B,dspy_bootstrap,DSPy Bootstrap,D,D,True,10,4,"The explanation lacks clarity and logical reasoning as it simply states the answer without any elaboration or justification. There is no use of biological terminology or a structured approach to explain why DNA polymorphism is related to genetic mapping and DNA fingerprinting. The response fails to demonstrate an understanding of the underlying biological principles and processes involved, which is crucial for a high-quality explanation.",Biology,3173.0
Question_Paper_11_p51_q131,Biology,Llama 3.1 8B,dspy_mipro,DSPy MIPROv2,D,D,True,10,4,"The explanation lacks clarity and logical reasoning, as it does not provide any justification or step-by-step approach to support the choice of option D. There is no use of biological terminology or explanation of how DNA polymorphism relates to genetic mapping and DNA fingerprinting. The response fails to demonstrate an understanding of the underlying biological principles, resulting in a low score for explanation quality.",Biology,4373.2
Question_Paper_11_p51_q131,Biology,Gemma2 9B,vanilla,Vanilla ANEETAA,"The answer is **D: Both genetic mapping and DNA fingerprinting**. 

**Explanation:**

DNA polymorphism refers to variations in the DNA sequence among individuals. These variations can be single nucleotide changes, insertions, deletions, or larger structural differences.  

* **Genetic Mapping:** Polymorphisms serve as markers to track the inheritance of genes across generations. By analyzing patterns of these variations, scientists can create maps showing the relative locations of genes on chromosomes.

* **DNA Fingerprinting:**  The unique combination of polymorphisms in an individual's DNA creates a distinct ""fingerprint."" This technique utilizes these variations to identify individuals, establish paternity, or analyze forensic evidence.",D,True,10,9,"The explanation is clear and well-structured, using appropriate biological terminology to describe DNA polymorphism and its applications. It logically connects the concept of polymorphisms to both genetic mapping and DNA fingerprinting, providing a coherent step-by-step reasoning for how these variations are used in each context. The explanation correctly applies biological principles, making it easy to understand the mechanisms involved.",Biology,6321.0
Question_Paper_11_p51_q131,Biology,Gemma2 9B,dspy_baseline,DSPy Baseline,D: Both genetic mapping and DNA finger printing,D,True,10,8,"The explanation provided by the MCQ solver is clear and uses appropriate biological terminology, such as ""DNA polymorphism,"" ""genetic mapping,"" and ""DNA fingerprinting,"" which demonstrates a good understanding of the subject matter. The logical reasoning is sound, as it correctly identifies the relationship between DNA polymorphism and its applications in both genetic mapping and DNA fingerprinting, showing a clear step-by-step connection between the concepts. However, the explanation could be improved by elaborating on how DNA polymorphism specifically contributes to these processes, which would enhance the depth of understanding.",Biology,5823.2
Question_Paper_11_p51_q131,Biology,Gemma2 9B,dspy_bootstrap,DSPy Bootstrap,D,D,True,10,6,"The explanation lacks clarity as it does not provide a detailed breakdown of how DNA polymorphism is related to genetic mapping and DNA fingerprinting. The response would benefit from a more structured approach, explaining the role of DNA polymorphism in each process separately. While the solver correctly identifies the connection between DNA polymorphism and the options, the reasoning is not fully developed, and the use of biological terminology is minimal.",Biology,2051.1
Question_Paper_11_p51_q131,Biology,Gemma2 9B,dspy_mipro,DSPy MIPROv2,D,D,True,10,4,"The explanation lacks clarity and logical reasoning as it does not provide any detailed justification or step-by-step approach to support the choice of option D. There is no use of biological terminology or explanation of how DNA polymorphism relates to genetic mapping and DNA fingerprinting. The response fails to demonstrate an understanding of the underlying biological principles, making it difficult to assess the correctness of the method.",Biology,5927.1
Question_Paper_11_p51_q131,Biology,Mistral Nemo 12B,vanilla,Vanilla ANEETAA,"The correct option is D: Both genetic mapping and DNA fingerprinting. Here's why:

- **Genetic Mapping**: DNA polymorphisms are used to create genetic maps, which help us understand the organization of genes on chromosomes.

- **DNA Fingerprinting (also known as DNA profiling)**: This technique uses DNA polymorphisms to uniquely identify individuals, making it useful in forensics and paternity testing.

So, DNA polymorphism serves as the foundation for both these applications. The other options are incorrect because:

A: Translation refers to the process of decoding mRNA into proteins.
B: C is a specific application of DNA fingerprinting used for identification purposes.",D,True,10,8,"The explanation is clear and uses appropriate biological terminology, effectively describing the role of DNA polymorphisms in genetic mapping and DNA fingerprinting. The logical reasoning is strong, as it provides a step-by-step justification for why DNA polymorphisms are foundational to both applications. However, the explanation could be improved by more explicitly distinguishing between genetic mapping and DNA fingerprinting, as well as providing a clearer rationale for why the other options are incorrect.",Biology,7054.7
Question_Paper_11_p51_q131,Biology,Mistral Nemo 12B,dspy_baseline,DSPy Baseline,D: Both genetic mapping and DNA finger printing,D,True,10,8,"The explanation provided by the MCQ solver is clear and uses appropriate biological terminology, such as ""DNA polymorphism,"" ""genetic mapping,"" and ""DNA fingerprinting,"" which demonstrates a good understanding of the subject matter. The logical reasoning is sound, as it correctly identifies the relationship between DNA polymorphism and its applications in both genetic mapping and DNA fingerprinting, showing a clear step-by-step connection between the concepts. However, the explanation could be improved by providing more detailed justification for how DNA polymorphism specifically contributes to these processes, which would enhance the depth of understanding.",Biology,6979.0
Question_Paper_11_p51_q131,Biology,Mistral Nemo 12B,dspy_bootstrap,DSPy Bootstrap,D,D,True,10,6,"The explanation lacks clarity and depth, as it does not provide a detailed breakdown of how DNA polymorphism is related to genetic mapping and DNA fingerprinting. While the response correctly identifies the connection between DNA polymorphism and the options, it fails to use specific biological terminology or explain the mechanisms involved. The logical reasoning is weak, as there is no step-by-step justification or discussion of the scientific principles that underpin the relationship between DNA polymorphism and the given options.",Biology,1982.9
Question_Paper_11_p51_q131,Biology,Mistral Nemo 12B,dspy_mipro,DSPy MIPROv2,D,D,True,10,6,"The explanation lacks clarity as it does not provide a detailed breakdown of how DNA polymorphism is related to genetic mapping and DNA fingerprinting. The response would benefit from a more structured approach, explaining the role of DNA polymorphism in each process separately. While the solver correctly identifies the connection between DNA polymorphism and the options, the reasoning is not fully developed, and the use of biological terminology is minimal.",Biology,8179.9
Question_Paper_39_p22_q97,Chemistry,Llama 3.1 8B,vanilla,Vanilla ANEETAA,"The correct answer is B.

Explanation:

In a blast furnace, the temperature range of 900 K to 1500 K is crucial for the extraction of iron. During this process, several reactions occur simultaneously. Let's analyze each option:

A: CaO + SiO_2 → CaSiO_3
This reaction is known as sintering and occurs at high temperatures (above 1000°C). It forms a stable compound called calcium silicate.

B: Fe_2O_3 + CO → 2FeO + CO_2
This reaction is not favored in the temperature range of 900 K to 1500 K. At these temperatures, the equilibrium lies towards the reactants, and the formation of iron(II) oxide (FeO) and carbon dioxide (CO_2) from iron(III) oxide (Fe_2O_3) and carbon monoxide (CO) is not significant.

C: FeO + CO → Fe + CO_2
This reaction is a part of the overall process in a blast furnace. Iron(II) oxide (FeO) reacts with carbon monoxide (CO) to form iron (Fe) and carbon dioxide (CO_2).

D: C + CO_2 → 2CO
This reaction is known as Boudouard's reaction, which occurs at high temperatures in a blast furnace. It produces more carbon monoxide (CO), which is essential for the reduction of iron oxides.

Therefore, option B does not take place significantly in the temperature range of 900 K to 1500 K during the extraction of iron in a blast furnace.",B,True,10,8,"The explanation is clear and uses proper terminology, providing a well-structured response that effectively analyzes each option. The logical reasoning is strong, with a step-by-step approach that justifies why each reaction occurs or does not occur within the specified temperature range. The explanation correctly applies scientific principles related to the blast furnace process, demonstrating a good understanding of the chemistry involved. However, the explanation could be slightly improved by providing more detail on why the equilibrium for option B lies towards the reactants.",Chemistry,8016.6
Question_Paper_39_p22_q97,Chemistry,Llama 3.1 8B,dspy_baseline,DSPy Baseline,C,B,False,0,4,"The explanation lacks clarity and logical reasoning, as it does not provide any detailed analysis or justification for why option C is chosen. There is no discussion of the chemical reactions involved in a blast furnace or the temperature range's impact on these reactions. The response fails to apply scientific principles or methodology to explain the reasoning behind the choice, making it difficult to assess the correctness of the method.",Chemistry,9147.2
Question_Paper_39_p22_q97,Chemistry,Llama 3.1 8B,dspy_bootstrap,DSPy Bootstrap,A,B,False,0,3,"The explanation lacks clarity and logical reasoning as it does not provide any justification or step-by-step approach to determine why option A is the correct choice. There is no use of proper terminology or scientific principles to explain the reaction processes in a blast furnace. The response fails to demonstrate an understanding of the chemistry concepts involved, such as the role of each reaction in the extraction of iron.",Chemistry,7975.3
Question_Paper_39_p22_q97,Chemistry,Llama 3.1 8B,dspy_mipro,DSPy MIPROv2,D,B,False,0,4,"The explanation lacks clarity and logical reasoning. There is no detailed breakdown of the reactions or the conditions under which they occur in a blast furnace. The response does not provide any justification or scientific principles to support why option D is chosen, missing an opportunity to discuss the role of each reaction in the iron extraction process. The explanation is too brief and does not demonstrate a clear understanding of the chemistry involved.",Chemistry,9002.9
Question_Paper_39_p22_q97,Chemistry,Gemma2 9B,vanilla,Vanilla ANEETAA,"The correct answer is **A: CaO + SiO_2 → CaSiO_3**

**Explanation:**

In a blast furnace, iron ore (primarily Fe₂O₃) is reduced to iron (Fe).  Here's how the reactions work:

* **B: Fe₂O₃ + CO → 2FeO + CO₂** : Carbon monoxide (CO) reacts with iron(III) oxide (Fe₂O₃) to produce iron(II) oxide (FeO) and carbon dioxide (CO₂). This is a key step in the reduction process.

* **C: FeO + CO → Fe + CO₂**: Iron(II) oxide (FeO) reacts further with carbon monoxide (CO) to produce elemental iron (Fe) and carbon dioxide (CO₂). This completes the reduction of iron from its oxide form.

* **D: C + CO₂ → 2CO**: Carbon (C) reacts with carbon dioxide (CO₂) to produce carbon monoxide (CO). This reaction is important because it provides the necessary CO for the reduction reactions above.


**Why CaO + SiO₂ → CaSiO₃ is incorrect:**

The reaction between calcium oxide (CaO) and silicon dioxide (SiO₂) produces calcium silicate (CaSiO₃). This reaction is a side reaction that occurs in the blast furnace, primarily to remove impurities like silica from the iron ore. It's not directly involved in the reduction of iron itself.",B,True,10,8,"The explanation is clear and well-structured, using proper chemical terminology and balanced equations, which enhances clarity. The logical reasoning is strong, as it provides a step-by-step breakdown of the reactions occurring in the blast furnace, explaining the role of each reaction in the context of iron extraction. However, the explanation could be improved by explicitly stating why the reaction in option A is not relevant to the temperature range specified in the question, which would enhance the correctness of the method.",Chemistry,8507.8
Question_Paper_39_p22_q97,Chemistry,Gemma2 9B,dspy_baseline,DSPy Baseline,D,B,False,0,4,"The explanation lacks clarity and logical reasoning, as it does not provide any detailed analysis or justification for why option D is the reaction that does not occur in the specified temperature range. There is no use of proper terminology or structured reasoning to explain the chemical processes involved in a blast furnace. The response fails to demonstrate an understanding of the chemistry concepts and principles relevant to the reactions in a blast furnace, such as the role of temperature in reaction feasibility.",Chemistry,11066.9
Question_Paper_39_p22_q97,Chemistry,Gemma2 9B,dspy_bootstrap,DSPy Bootstrap,None of the above,B,False,0,2,"The explanation provided by the MCQ solver lacks clarity, logical reasoning, and correctness of method. It simply states ""None of the above"" without any elaboration or justification, failing to use proper terminology or provide a structured response. There is no step-by-step approach or application of scientific principles to explain why the reaction does not occur in the specified temperature range, making the explanation inadequate for evaluating the chemistry concepts involved.",Chemistry,7940.6
Question_Paper_39_p22_q97,Chemistry,Gemma2 9B,dspy_mipro,DSPy MIPROv2,None of the reactions are incorrect. All four reactions occur in a blast furnace during iron extraction.,B,False,0,3,"The explanation lacks clarity and logical reasoning. It does not provide any detailed analysis or justification for why each reaction is considered to occur in the blast furnace. The response fails to use proper terminology or scientific principles to explain the processes involved in the blast furnace, such as the role of each reaction in the iron extraction process. The explanation is overly simplistic and does not demonstrate a thorough understanding of the chemistry concepts involved.",Chemistry,9713.7
Question_Paper_39_p22_q97,Chemistry,Mistral Nemo 12B,vanilla,Vanilla ANEETAA,"The reaction that does NOT take place in a blast furnace between 900 K to 1500 K temperature range during extraction of iron is:

A: CaO + SiO₂ → CaSiO₃

Explanation:
This reaction occurs at high temperatures and forms calcium silicate, which is used as a flux in the process. So, this option is incorrect.

B: Fe₂O₃ + CO → 2FeO + CO₂

Explanation:
This reaction occurs at high temperatures and reduces iron(III) oxide to iron(II) oxide using carbon monoxide. So, this option is incorrect.

C: FeO + CO → Fe + CO₂

Explanation:
This reaction also occurs at high temperatures in the blast furnace, reducing iron(II) oxide to metallic iron using carbon monoxide. So, this option is incorrect.

D: C + CO₂ → 2CO

Explanation:
This reaction is the Boudouard equilibrium, which occurs at around 700 K and is not within the specified temperature range of 900 K to 1500 K. Therefore, this reaction does NOT take place in a blast furnace during iron extraction.

So, the correct answer is D: C + CO₂ → 2CO",B,False,0,7,"The explanation is generally clear and uses proper terminology, providing a structured response for each option. The logical reasoning is mostly sound, as it evaluates each reaction in the context of the blast furnace process and temperature range. However, the explanation for option D lacks depth in discussing the temperature range and its relevance to the blast furnace operation, which slightly affects the correctness of the method. Overall, the response effectively communicates the reasoning process, but could benefit from more detailed justification for the exclusion of option D.",Chemistry,9063.8
Question_Paper_39_p22_q97,Chemistry,Mistral Nemo 12B,dspy_baseline,DSPy Baseline,D,B,False,0,4,"The explanation lacks clarity and logical reasoning, as it does not provide any justification or step-by-step analysis for why option D is the reaction that does not occur in the blast furnace. There is no use of proper terminology or scientific principles to explain the reasoning behind the choice, making it difficult to understand the thought process. The response fails to demonstrate a clear understanding of the chemistry concepts involved in the blast furnace reactions.",Chemistry,6485.9
Question_Paper_39_p22_q97,Chemistry,Mistral Nemo 12B,dspy_bootstrap,DSPy Bootstrap,D,B,False,0,4,"The explanation lacks clarity and logical reasoning. There is no detailed breakdown of the reactions or the conditions under which they occur in a blast furnace. The response does not provide any justification or scientific principles to support why option D is chosen, nor does it explain why the other reactions are plausible within the given temperature range. The explanation is not well-structured and fails to demonstrate a clear understanding of the chemistry concepts involved.",Chemistry,6157.9
Question_Paper_39_p22_q97,Chemistry,Mistral Nemo 12B,dspy_mipro,DSPy MIPROv2,C,B,False,0,4,"The explanation lacks clarity and logical reasoning, as it does not provide any detailed analysis or justification for why option C is chosen. There is no discussion of the chemical reactions involved in a blast furnace or the temperature range's impact on these reactions. The response fails to apply scientific principles or methodology to explain the reasoning behind the choice, making it difficult to assess the correctness of the method.",Chemistry,11054.6
Question_Paper_7_p58_q160,Biology,Llama 3.1 8B,vanilla,Vanilla ANEETAA,"To find the formula for maltose, we need to consider that it is formed by a dehydration reaction between two glucose molecules. In this process, one molecule of water (H2O) is removed from each glucose molecule.

The molecular formula for glucose is C6H12O6. When two glucose molecules combine through a dehydration reaction, the total number of carbon atoms remains the same as in the original two glucose molecules, which is 12. The total number of hydrogen atoms also remains the same, which is 24 (since each glucose molecule contributes 12 hydrogen atoms). However, the total number of oxygen atoms decreases by 2 (one from each water molecule removed), resulting in a total of 11 oxygen atoms.

Therefore, the formula for maltose is C12H24O11.",D,False,0,5,"The explanation demonstrates a clear understanding of the dehydration reaction concept, using appropriate terminology and a structured approach. However, there is a critical error in the logical reasoning: the solver incorrectly states that one molecule of water is removed from each glucose molecule, rather than from the combination of the two glucose molecules. This leads to an incorrect calculation of the number of hydrogen and oxygen atoms, affecting the correctness of the method. The explanation lacks a step-by-step breakdown of how the dehydration reaction specifically affects the molecular formula, which would improve clarity and logical reasoning.",Chemistry,6168.7
Question_Paper_7_p58_q160,Biology,Llama 3.1 8B,dspy_baseline,DSPy Baseline,A,D,False,0,4,"The explanation lacks clarity and logical reasoning. It does not provide a step-by-step approach to show how the dehydration reaction affects the molecular formula of maltose. There is no mention of the removal of a water molecule (H_2O) during the reaction, which is crucial for understanding the formation of maltose from glucose. The response fails to apply the correct scientific principles, leading to a poor explanation quality.",Chemistry,9592.8
Question_Paper_7_p58_q160,Biology,Llama 3.1 8B,dspy_bootstrap,DSPy Bootstrap,B,D,False,0,4,"The explanation lacks clarity and logical reasoning, as it does not provide any step-by-step approach or justification for the chosen answer. There is no mention of the dehydration process, which involves the removal of a water molecule (H_2O) when two glucose molecules combine to form maltose. The response fails to apply the correct scientific principles and methodology, such as balancing the chemical equation, which is crucial for understanding the formation of maltose from glucose.",Chemistry,5685.4
Question_Paper_7_p58_q160,Biology,Llama 3.1 8B,dspy_mipro,DSPy MIPROv2,D,D,True,10,7,"The explanation demonstrates a clear understanding of the dehydration reaction process, using appropriate terminology and a logical step-by-step approach to derive the formula for maltose. The solver correctly identifies that a water molecule (H_2O) is removed during the reaction, which is crucial for determining the correct formula. However, the explanation could be improved by explicitly showing the subtraction of H_2O from the combined glucose molecules to enhance clarity and ensure the reasoning is fully transparent.",Chemistry,7345.8
Question_Paper_7_p58_q160,Biology,Gemma2 9B,vanilla,Vanilla ANEETAA,"The correct answer is **D: C_{12}H_{22}O_{11}**

**Explanation:**

A dehydration reaction involves the removal of a water molecule (H₂O) when two molecules join together.  

* Glucose has the formula C₆H₁₂O₆.
* When two glucose molecules link, they share an oxygen and a hydrogen atom, forming a water molecule. 
* The remaining atoms combine to form maltose.

Therefore, the formula for maltose is: (C₆H₁₂O₆) + (C₆H₁₂O₆) - H₂O = C₁₂H₂₂O₁₁",D,True,10,9,"The explanation is clear and well-structured, using proper terminology such as ""dehydration reaction"" and ""water molecule."" It logically outlines the process of forming maltose from two glucose molecules, detailing the removal of a water molecule and the resulting chemical formula. The explanation correctly applies the concept of dehydration synthesis, demonstrating a solid understanding of the chemistry involved.",Chemistry,6382.3
Question_Paper_7_p58_q160,Biology,Gemma2 9B,dspy_baseline,DSPy Baseline,D,D,True,10,7,"The explanation provided by the MCQ solver lacks clarity and logical reasoning as it does not include any detailed steps or justification for arriving at the answer. While the solver correctly identifies the dehydration reaction, it fails to explain the removal of a water molecule (H_2O) during the formation of maltose from two glucose molecules. The response would benefit from a more structured approach, detailing the chemical process and the resulting molecular formula.",Chemistry,6270.1
Question_Paper_7_p58_q160,Biology,Gemma2 9B,dspy_bootstrap,DSPy Bootstrap,A,D,False,0,4,"The explanation lacks clarity and logical reasoning. It does not provide a step-by-step approach to solving the problem, such as explaining the dehydration reaction process and how it affects the molecular formula. There is no justification for the chosen answer, and the response fails to apply the correct scientific principles, such as accounting for the loss of a water molecule (H_2O) during the dehydration process.",Chemistry,2175.5
Question_Paper_7_p58_q160,Biology,Gemma2 9B,dspy_mipro,DSPy MIPROv2,D,D,True,10,7,"The explanation demonstrates a clear understanding of the dehydration reaction process, using appropriate chemical terminology and a logical step-by-step approach. The solver correctly identifies that a dehydration reaction involves the removal of a water molecule (H_2O) when two glucose molecules combine, which is crucial for determining the formula of maltose. However, the explanation could be improved by explicitly showing the calculation of the resulting molecular formula, which would enhance clarity and completeness.",Chemistry,4923.8
Question_Paper_7_p58_q160,Biology,Mistral Nemo 12B,vanilla,Vanilla ANEETAA,"The correct answer is B: C_{12}H_{20}O_{10}.

Explanation:
Maltose is a disaccharide formed by the dehydration reaction of two glucose molecules. The formula for glucose is C_{6}H_{12}O_{6}. When two glucose molecules combine, they lose one water molecule (H_{2}O), which has the formula H_{2}O or HO-H. Therefore, maltose will have two less oxygen atoms and two less hydrogen atoms than the combined total of two glucose molecules.

The formula for maltose is calculated as follows:
- Carbon (C): 6 (from each glucose) x 2 = 12
- Hydrogen (H): 12 (from each glucose) - 2 (lost in dehydration) x 2 = 20
- Oxygen (O): 6 (from each glucose) - 2 (lost in dehydration) x 2 = 10

Thus, the formula for maltose is C_{12}H_{20}O_{10}.",D,False,0,5,"The explanation lacks clarity and correctness in the application of chemistry concepts. While it correctly identifies the dehydration reaction and the loss of a water molecule, it incorrectly calculates the number of hydrogen and oxygen atoms lost, leading to an incorrect formula derivation. The logical reasoning is flawed as it does not accurately account for the stoichiometry of the dehydration process, resulting in a misleading explanation.",Chemistry,8345.2
Question_Paper_7_p58_q160,Biology,Mistral Nemo 12B,dspy_baseline,DSPy Baseline,D,D,True,10,7,"The explanation provided by the MCQ solver lacks detail and clarity, as it only states the answer without any justification or step-by-step reasoning. While the solver correctly identifies the dehydration reaction as the key process, it fails to explain how the removal of a water molecule (H_2O) from two glucose molecules results in the formula for maltose. The response would benefit from a clearer structure and a more thorough explanation of the chemical principles involved, such as the stoichiometry of the dehydration reaction.",Chemistry,9353.2
Question_Paper_7_p58_q160,Biology,Mistral Nemo 12B,dspy_bootstrap,DSPy Bootstrap,C,D,False,0,4,"The explanation lacks clarity and logical reasoning, as it does not provide a step-by-step approach to solving the problem. There is no mention of the dehydration process, which involves the removal of a water molecule (H_2O) when two glucose molecules combine to form maltose. The response fails to apply the correct scientific principles, such as stoichiometry, to justify the formula for maltose.",Chemistry,5986.5
Question_Paper_7_p58_q160,Biology,Mistral Nemo 12B,dspy_mipro,DSPy MIPROv2,C,D,False,0,4,"The explanation lacks clarity and logical reasoning. It does not provide a step-by-step approach to show how the dehydration reaction between two glucose molecules results in the formation of maltose. There is no mention of the removal of a water molecule (H_2O) during the reaction, which is crucial for understanding the change in the molecular formula. The response fails to apply the correct scientific principles and methodology needed to derive the formula for maltose.",Chemistry,5986.8
Question_Paper_2_p14_q39,Physics,Llama 3.1 8B,vanilla,Vanilla ANEETAA,"The correct answer is B: Should be approximately equal and are small.

Explanation: In a Wheatstone bridge, the resistances P and Q should be approximately equal to each other and as small as possible. This ensures that the voltage drop across them is negligible compared to the voltage drop across the unknown resistance X and the variable resistance Y. When P and Q are small and equal, any slight changes in their values will not significantly affect the overall balance of the bridge, allowing for a more precise measurement of X.

Translation: पी और क्यू को लगभग बराबर और छोटा होना चाहिए।",B,True,10,5,"The explanation lacks clarity and proper use of terminology, as it does not define key variables or explain the principles of a Wheatstone bridge in detail. The logical reasoning is weak, with no step-by-step approach or equations provided to justify why P and Q should be small and equal. Additionally, the explanation does not adequately address the role of P and Q in achieving precise measurements, which affects the correctness of the method.",Physics,5821.0
Question_Paper_2_p14_q39,Physics,Llama 3.1 8B,dspy_baseline,DSPy Baseline,B,B,True,10,4,"The explanation lacks clarity and logical reasoning, as it does not provide any detailed steps or justification for why option B is chosen. There is no use of proper terminology or explanation of the principles behind the Wheatstone bridge, such as the balance condition or the role of resistances P and Q. The response fails to demonstrate a clear understanding of the physics principles involved, which is crucial for evaluating the quality of the explanation.",Physics,6722.4
Question_Paper_2_p14_q39,Physics,Llama 3.1 8B,dspy_bootstrap,DSPy Bootstrap,B,B,True,10,4,"The explanation lacks clarity and logical reasoning. There is no use of proper terminology or a structured response to justify why option B is chosen. The response does not provide a step-by-step approach or any equations to explain the principles of a Wheatstone bridge, such as the balance condition (P/Q = X/Y) and how it relates to the precision of measuring the unknown resistance X. The explanation fails to apply the correct scientific principles and methodology needed to understand the role of resistances P and Q in the measurement process.",Physics,1967.9
Question_Paper_2_p14_q39,Physics,Llama 3.1 8B,dspy_mipro,DSPy MIPROv2,B,B,True,10,4,"The explanation lacks clarity and logical reasoning. It does not provide any step-by-step approach or justification for why option B is chosen. There is no use of proper terminology or explanation of the principles behind the Wheatstone bridge, such as the condition for balance or how the resistances P and Q affect the measurement of X. The response fails to demonstrate a clear understanding of the physics principles involved.",Physics,4796.7
Question_Paper_2_p14_q39,Physics,Gemma2 9B,vanilla,Vanilla ANEETAA,"**Answer:** B: Should be approximately equal and are small

**Explanation:**

In a Wheatstone bridge, the goal is to balance the bridge circuit so that no current flows through the galvanometer. This balanced condition occurs when the ratio of resistances on one side of the bridge equals the ratio of resistances on the other side. 

* **For precise measurement:**  To achieve the most precise measurement of the unknown resistance (X), the resistances P and Q should be approximately equal and small compared to X. 

Here's why:

* **Equal Resistances:** When P and Q are equal, any slight change in Y will result in a noticeable change in the bridge balance, allowing for fine adjustments to determine X accurately.
* **Small Resistances:**  If P and Q are much smaller than X, their values have a negligible impact on the overall resistance ratio. This ensures that the primary factor influencing the bridge balance is the value of X itself.",B,True,10,5,"The explanation uses some proper terminology and attempts to justify the choice by discussing the balance condition of a Wheatstone bridge. However, it lacks clarity in defining variables and does not provide a step-by-step logical reasoning process with equations to support the claims. The explanation also incorrectly suggests that small resistances are beneficial without adequately explaining the impact on measurement precision, which affects the correctness of the method.",Physics,7103.8
Question_Paper_2_p14_q39,Physics,Gemma2 9B,dspy_baseline,DSPy Baseline,B,B,True,10,4,"The explanation lacks clarity and logical reasoning. There is no use of proper terminology or a structured response to justify why option B is chosen. The response does not provide a step-by-step approach or any equations to explain the principles of a Wheatstone bridge, such as the balance condition (P/Q = X/Y) and how it relates to the precision of measuring the unknown resistance X. The explanation fails to apply the correct scientific principles and methodology needed to understand the role of resistances P and Q in the context of the Wheatstone bridge.",Physics,6783.7
Question_Paper_2_p14_q39,Physics,Gemma2 9B,dspy_bootstrap,DSPy Bootstrap,B,B,True,10,4,"The explanation lacks clarity and logical reasoning, as it does not provide any detailed steps or justification for why option B is chosen. There is no use of proper terminology or explanation of the principles behind the Wheatstone bridge, such as the balance condition or how the resistances P and Q affect the measurement of X. The response fails to demonstrate a clear understanding of the physics involved, resulting in a low score for explanation quality.",Physics,5861.5
Question_Paper_2_p14_q39,Physics,Gemma2 9B,dspy_mipro,DSPy MIPROv2,B,B,True,10,4,"The explanation lacks clarity and logical reasoning, as it does not provide any detailed steps or justification for why option B is chosen. There is no use of proper terminology or explanation of the principles behind the Wheatstone bridge, such as the balance condition or the role of resistances P and Q. The response fails to demonstrate a clear understanding of the physics principles involved, resulting in a low score for explanation quality.",Physics,7292.5
Question_Paper_2_p14_q39,Physics,Mistral Nemo 12B,vanilla,Vanilla ANEETAA,"The correct answer is A: Should be approximately equal to 2X.

Explanation in English:
In a Wheatstone bridge, the balance condition for null detection (no current flowing through the galvanometer) is given by:

P/Q = X/Y

For precise measurement of X, P and Q should be approximately equal to 2X each. This makes the ratio P/Q close to 1, which minimizes the error in measuring X due to any slight imbalance caused by variations in P and Q.

Explanation in Hindi:
व्हीटस्टोन ब्रिज में, गैल्वानोमीटर के माध्यम से कोई電ودाहर नहीं बहने पर संतुलन की स्थिति (बलाँस) है:

P/Q = X/Y

X का सही मापन के लिए, P और Q को लगभग 2X के बराबर होना चाहिए। यह रिश्ता P/Q को 1 के करीब लाता है, जो P और Q में किसी भी छोटे असंतुलन (भिन्नता) से होने वाले त्रुटि (ख़तरे) को कम करता है।",B,False,0,5,"The explanation provides a basic understanding of the Wheatstone bridge balance condition using the equation P/Q = X/Y, which is a good start. However, it lacks clarity and depth in explaining why P and Q should be approximately equal to 2X for precise measurement. The reasoning does not adequately justify the choice of 2X or explain the impact of resistance values on measurement precision. Additionally, the explanation could benefit from a more structured, step-by-step approach to enhance logical reasoning.",Physics,8610.7
Question_Paper_2_p14_q39,Physics,Mistral Nemo 12B,dspy_baseline,DSPy Baseline,C: Should be very large and unequal,B,False,0,3,"The explanation lacks clarity and proper use of terminology, as it does not define any variables or provide a structured response. There is no logical reasoning or step-by-step approach to justify why the resistances should be very large and unequal, nor is there any application of the principles of a Wheatstone bridge. The response fails to demonstrate an understanding of the physics involved, leading to a poor explanation quality.",Physics,7025.4
Question_Paper_2_p14_q39,Physics,Mistral Nemo 12B,dspy_bootstrap,DSPy Bootstrap,B,B,True,10,4,"The explanation lacks clarity and logical reasoning, as it does not provide any detailed steps or justification for why option B is chosen. There is no use of proper terminology or explanation of the principles behind the Wheatstone bridge, such as the balance condition or the role of resistances P and Q in achieving precise measurements. The response fails to demonstrate a clear understanding of the physics principles involved, resulting in a low score for explanation quality.",Physics,4088.8
Question_Paper_2_p14_q39,Physics,Mistral Nemo 12B,dspy_mipro,DSPy MIPROv2,C,B,False,0,3,"The explanation lacks clarity and logical reasoning. It does not provide any step-by-step approach or justification for choosing option C, nor does it use proper terminology or define variables. The response fails to apply the scientific principles of a Wheatstone bridge, such as the condition for balance, which is crucial for understanding the role of resistances P and Q in the measurement of X.",Physics,7054.2
NEET_Q_36_P40_189,Biology,Llama 3.1 8B,vanilla,Vanilla ANEETAA,"The correct option is (D): B and C only.

Explanation: Basophils are a type of white blood cell that plays a crucial role in the body's inflammatory response. They secrete histamine, serotonin, and heparin, which contribute to inflammation and allergic reactions. Basophils have a kidney-shaped nucleus and are agranulocytes, meaning they do not contain granules like other types of white blood cells.

Basophils are involved in inflammatory responses (C) and secrete histamine, serotonin, and heparin (B), making these statements correct.",D,True,10,4,"The explanation lacks clarity and contains incorrect information, such as stating that basophils have a kidney-shaped nucleus and are agranulocytes, which is inaccurate. The logical reasoning is weak, as it fails to systematically address each statement in the question, leading to confusion. While it correctly identifies the role of basophils in inflammatory responses and their secretion of certain chemicals, the explanation does not adequately justify the selection of the correct statements, resulting in a poor application of biological principles.",Biology,5744.6
NEET_Q_36_P40_189,Biology,Llama 3.1 8B,dspy_baseline,DSPy Baseline,C,D,False,0,3,"The MCQ solver's response lacks clarity and logical reasoning. There is no explanation provided for why option C was chosen, nor is there any discussion of the biological principles related to basophils. The response fails to use proper biological terminology or provide a structured, step-by-step analysis of each statement, which is essential for understanding the reasoning behind the choice.",Biology,5837.9
NEET_Q_36_P40_189,Biology,Llama 3.1 8B,dspy_bootstrap,DSPy Bootstrap,D,D,True,10,4,"The explanation lacks clarity and logical reasoning as it does not provide any detailed analysis or justification for choosing option D. There is no use of biological terminology or structured reasoning to explain why certain statements about basophils are correct or incorrect. The response fails to apply scientific principles to evaluate each statement, resulting in a lack of depth and understanding in the explanation.",Biology,3204.5
NEET_Q_36_P40_189,Biology,Llama 3.1 8B,dspy_mipro,DSPy MIPROv2,D,D,True,10,4,"The explanation lacks clarity and logical reasoning, as it does not provide any detailed analysis or justification for selecting option D. There is no use of biological terminology or structured reasoning to explain why basophils are involved in inflammatory responses or why they secrete specific substances. The response fails to apply scientific principles to evaluate each statement, resulting in a lack of depth and understanding in the explanation.",Biology,4516.1
NEET_Q_36_P40_189,Biology,Gemma2 9B,vanilla,Vanilla ANEETAA,"The correct answer is **D: B and C only**

Here's why:

* **B. Basophils secrete histamine, serotonin, and heparin.**  This is true. These chemicals are involved in inflammatory responses and allergic reactions. Histamine causes blood vessels to dilate (expand), increasing blood flow to the area of inflammation. Serotonin also contributes to inflammation and pain. Heparin is an anticoagulant that prevents blood clotting.

* **C. Basophils are involved in inflammatory responses.** This is also true. They release histamine and other mediators that contribute to the characteristic symptoms of inflammation, such as redness, swelling, heat, and pain.

Let's look at why the other options are incorrect:

* **A. Basophils are the most abundant cells of the total WBCs.**  This is false. Neutrophils are the most abundant type of white blood cell.
* **D. Basophils have a kidney-shaped nucleus.** This describes monocytes, not basophils. Basophils typically have a multi-lobed nucleus that can be difficult to distinguish.
* **E. Basophils are agranulocytes.** This is false. Basophils are granulocytes because they contain granules in their cytoplasm that store chemicals like histamine and heparin. Agranulocytes, on the other hand, lack these prominent granules (examples include lymphocytes and monocytes).",D,True,10,9,"The explanation is clear and well-structured, using appropriate biological terminology to describe the functions and characteristics of basophils. The logical reasoning is strong, with a step-by-step approach that justifies why each statement is true or false based on biological principles. The response effectively applies scientific knowledge to differentiate between basophils and other types of white blood cells, demonstrating a solid understanding of the subject matter.",Biology,8325.5
NEET_Q_36_P40_189,Biology,Gemma2 9B,dspy_baseline,DSPy Baseline,D: B and C only,D,True,10,6,"The explanation demonstrates a moderate level of clarity, using appropriate biological terminology such as ""histamine,"" ""serotonin,"" and ""inflammatory responses."" However, it lacks a detailed, step-by-step logical reasoning process, as it does not explicitly address why each statement is correct or incorrect. The response could be improved by providing a more structured analysis of each statement, referencing specific biological principles related to basophils, such as their role in immune responses and their classification as granulocytes.",Biology,6990.0
NEET_Q_36_P40_189,Biology,Gemma2 9B,dspy_bootstrap,DSPy Bootstrap,D,D,True,10,4,"The explanation lacks clarity and logical reasoning, as it does not provide any detailed analysis or justification for choosing option D. There is no use of biological terminology or structured reasoning to explain why basophils are involved in inflammatory responses or why they secrete specific substances. The response fails to apply scientific principles to evaluate each statement, resulting in a lack of depth and understanding in the explanation.",Biology,5280.6
NEET_Q_36_P40_189,Biology,Gemma2 9B,dspy_mipro,DSPy MIPROv2,D,D,True,10,4,"The explanation lacks clarity and logical reasoning, as it does not provide any detailed analysis or justification for choosing option D. There is no use of biological terminology or structured reasoning to explain why certain statements about basophils are correct or incorrect. The response fails to demonstrate a step-by-step approach or application of biological principles, which is essential for understanding the reasoning behind the choice.",Biology,8242.4
NEET_Q_36_P40_189,Biology,Mistral Nemo 12B,vanilla,Vanilla ANEETAA,"The correct answer is D: B and C only.

Explanation in English:
- Basophils are not the most abundant cells of the total WBCs (A), they are the least abundant.
- Basophils secrete histamine, serotonin, and heparin (B), which are involved in inflammatory responses (C).
- Basophils have a lobulated nucleus (D) but it's not kidney-shaped.
- Basophils are granulocytes (E), meaning they contain granules in their cytoplasm.

Explanation in Hindi:
- basophil total WBCs में सबसे अधिक नहीं होते हैं (A), वे सभी में सबसे कम हैं।
- basophil histamine, serotonin और heparin रिलीज़ करते हैं (B), जो воспалиय प्रतिक्रियाओं में शामिल होती हैं (C)।
- basophil का नाभि लॉबीशेड है (D) लेकिन किडनी के आकार का नहीं होता है।
- basophil ग्रैनुलोसाइट्स हैं (E), अर्थात् उनके साइटोप्लाज़्म में ग्रैनूल्स पाए जाते हैं।",D,True,10,9,"The explanation is clear and well-structured, using appropriate biological terminology to describe the characteristics and functions of basophils. It logically addresses each statement in the question, providing a step-by-step analysis of why each statement is correct or incorrect based on biological principles. The response effectively applies scientific knowledge, such as the role of basophils in inflammatory responses and their classification as granulocytes, demonstrating a strong understanding of the subject matter.",Biology,8478.4
NEET_Q_36_P40_189,Biology,Mistral Nemo 12B,dspy_baseline,DSPy Baseline,C: C and E only,D,False,0,4,"The explanation lacks clarity and logical reasoning. It does not provide a step-by-step analysis or justification for why each statement about basophils is correct or incorrect. The response fails to use proper biological terminology and does not apply scientific principles to evaluate each statement, leading to a lack of clarity and correctness in the method.",Biology,6611.9
NEET_Q_36_P40_189,Biology,Mistral Nemo 12B,dspy_bootstrap,DSPy Bootstrap,D,D,True,10,4,"The explanation lacks clarity and logical reasoning, as it does not provide any detailed analysis or justification for selecting option D. There is no use of biological terminology or structured reasoning to explain why basophils are involved in inflammatory responses or why they secrete specific substances. The response fails to apply scientific principles to evaluate each statement, resulting in a lack of depth and understanding in the explanation.",Biology,2613.6
NEET_Q_36_P40_189,Biology,Mistral Nemo 12B,dspy_mipro,DSPy MIPROv2,D,D,True,10,4,"The explanation lacks clarity and logical reasoning. There is no detailed breakdown of each statement to assess its validity, nor is there any use of biological terminology to explain why certain statements are correct or incorrect. The response does not demonstrate a step-by-step approach or provide justification for selecting the answer, which diminishes the overall quality of the explanation.",Biology,6756.7
Question_Paper_36_p1_q1,Physics,Llama 3.1 8B,vanilla,Vanilla ANEETAA,"Let's break it down step by step.

Let the total distance traveled be D. Since half the distance is covered with speed v, the time taken to cover this distance is:

t1 = D/2 / v = D/2v

The remaining distance (also D/2) is covered with speed 2v, so the time taken for this part is:

t2 = D/2 / 2v = D/4v

The total time taken to cover the entire distance D is the sum of t1 and t2:

Total time = t1 + t2 = D/2v + D/4v = (2D + D)/4v = 3D/4v

Now, we can find the average speed by dividing the total distance by the total time:

Average speed = Total distance / Total time = D / (3D/4v) = 4v/3

So, the correct answer is:

B: \frac{4}{3}v",D,True,10,9,"The explanation is clear and well-structured, using proper terminology and defining variables effectively. The logical reasoning is strong, with a step-by-step approach that includes all necessary equations and justifications for each step. The method correctly applies physics principles to solve for the average speed, demonstrating a solid understanding of the problem.",Physics,6621.8
Question_Paper_36_p1_q1,Physics,Llama 3.1 8B,dspy_baseline,DSPy Baseline,A: \frac{4}{3}v,D,False,0,4,"The explanation lacks clarity and logical reasoning as it does not provide a step-by-step approach or define variables clearly. There is no detailed breakdown of how the average speed is calculated, such as using the formula for average speed in terms of total distance and total time. The response fails to apply the correct physics principles, such as considering the time taken for each segment of the journey, which is crucial for solving this problem.",Physics,6867.4
Question_Paper_36_p1_q1,Physics,Llama 3.1 8B,dspy_bootstrap,DSPy Bootstrap,A: \frac{4}{3}v,D,False,0,4,"The explanation lacks clarity and logical reasoning, as it does not provide any step-by-step approach or justification for the answer choice. There is no use of proper terminology or definitions of variables, and the response fails to apply relevant physics principles or equations to determine the average speed. The explanation is incomplete and does not guide the reader through the problem-solving process.",Physics,5686.6
Question_Paper_36_p1_q1,Physics,Llama 3.1 8B,dspy_mipro,DSPy MIPROv2,D: \frac{4}{3}v,D,True,10,5,"The explanation lacks clarity and logical reasoning. It does not provide a step-by-step approach or define variables clearly, such as the total distance or time taken for each segment of the journey. The response fails to apply the correct physics principles, such as the formula for average speed, which requires a detailed breakdown of the time taken for each segment of the journey. The explanation is not well-structured and does not justify the choice of the final answer.",Physics,7452.9
Question_Paper_36_p1_q1,Physics,Gemma2 9B,vanilla,Vanilla ANEETAA,"**Answer:** D: \(\frac{4}{3}v\)

**Explanation:**

Let's break down how to solve this problem:

* **Understanding Average Speed:**  Average speed isn't simply the average of the two speeds. It's calculated as the total distance traveled divided by the total time taken.

* **Setting up Variables:**
    * Let the total distance be 'd'.
    * Time taken for the first half (distance d/2) at speed 'v' is (d/2)/v = d/(2v)
    * Time taken for the second half (distance d/2) at speed '2v' is (d/2)/(2v) = d/(4v)

* **Calculating Total Time:** The total time taken is d/(2v) + d/(4v) = 3d/(4v)

* **Calculating Average Speed:**
    * Average speed = Total distance / Total time
    * Average speed = d / (3d/(4v)) = (4/3)v",D,True,10,9,"The explanation is clear and well-structured, using proper terminology and defining variables effectively. The logical reasoning is strong, with a step-by-step approach that clearly outlines the process of calculating average speed, including the setup of variables, calculation of time for each segment, and the final computation of average speed. The method correctly applies the principles of physics related to average speed, making the explanation both comprehensive and easy to follow.",Physics,7498.8
Question_Paper_36_p1_q1,Physics,Gemma2 9B,dspy_baseline,DSPy Baseline,D: \frac{4}{3}v,D,True,10,5,"The explanation lacks clarity and logical reasoning as it does not provide a step-by-step approach or define variables clearly. There is no use of proper terminology or equations to justify the average speed calculation. The response fails to apply the correct physics principles, such as the formula for average speed in terms of total distance and total time, which diminishes the overall quality of the explanation.",Physics,6808.8
Question_Paper_36_p1_q1,Physics,Gemma2 9B,dspy_bootstrap,DSPy Bootstrap,D,D,True,10,5,"The explanation lacks clarity and logical reasoning as it does not provide a step-by-step approach or define variables clearly. There is no detailed breakdown of how the average speed is calculated, such as using the formula for average speed in terms of total distance and total time. The response fails to apply the correct physics principles and methodology, such as considering the time taken for each segment of the journey, which is crucial for solving this problem.",Physics,3319.0
Question_Paper_36_p1_q1,Physics,Gemma2 9B,dspy_mipro,DSPy MIPROv2,D,D,True,10,5,"The explanation lacks clarity and logical reasoning as it does not provide a step-by-step approach or define variables clearly. There is no detailed breakdown of how the average speed is calculated, such as using the formula for average speed in terms of total distance and total time. The response fails to apply the correct physics principles and methodology, such as considering the time taken for each segment of the journey, which is crucial for solving this problem.",Physics,7097.2
Question_Paper_36_p1_q1,Physics,Mistral Nemo 12B,vanilla,Vanilla ANEETAA,"The correct answer is B: $\frac{2}{3}v$.

Explanation in English:
Let the total distance be D. Then, half the distance is $\frac{D}{2}$ and the remaining distance is also $\frac{D}{2}$. The time taken to travel the first half at speed v is $\frac{\frac{D}{2}}{v} = \frac{D}{2v}$, and the time taken to travel the second half at speed 2v is $\frac{\frac{D}{2}}{2v} = \frac{D}{4v}$.

The total time taken, T, is the sum of these two times:
T = $\frac{D}{2v}$ + $\frac{D}{4v}$ = $\frac{2D}{4v}$ + $\frac{D}{4v}$ = $\frac{3D}{4v}$

The average speed, V_avg, is the total distance divided by the total time taken:
V_avg = $\frac{D}{\frac{3D}{4v}}$ = $\frac{4v}{3}$

Therefore, the average speed of the vehicle is $\frac{2}{3}v$.",D,False,0,7,"The explanation is generally clear and uses proper terminology, with a well-structured response that defines variables and outlines the problem setup effectively. The logical reasoning is mostly sound, with a step-by-step approach that includes relevant equations and calculations. However, there is a discrepancy in the final conclusion, which suggests a minor oversight in the explanation's correctness, affecting the overall clarity and logical flow.",Physics,8633.5
Question_Paper_36_p1_q1,Physics,Mistral Nemo 12B,dspy_baseline,DSPy Baseline,"Therefore, the average speed of the vehicle is 4v/3.",D,False,0,2,"The explanation lacks clarity and logical reasoning, as it does not provide any step-by-step approach or justification for the conclusion. There is no use of proper terminology or definitions of variables, and the response fails to apply any scientific principles or equations to explain how the average speed was calculated. The response is essentially just a conclusion without any supporting explanation.",Physics,9929.9
Question_Paper_36_p1_q1,Physics,Mistral Nemo 12B,dspy_bootstrap,DSPy Bootstrap,D,D,True,10,5,"The explanation lacks clarity and logical reasoning as it does not provide a step-by-step approach or define variables clearly. There is no detailed breakdown of how the average speed is calculated, such as using the formula for average speed in terms of total distance and total time. The response fails to apply proper physics principles and methodology, such as considering the time taken for each segment of the journey, which is crucial for determining the average speed.",Physics,7845.2
Question_Paper_36_p1_q1,Physics,Mistral Nemo 12B,dspy_mipro,DSPy MIPROv2,B,D,False,0,5,"The explanation lacks clarity and logical reasoning as it does not provide any step-by-step approach or justification for the answer choice. There is no use of proper terminology or definitions of variables, and the response fails to apply any physics principles or equations to explain how the average speed is calculated. The explanation is essentially non-existent, which significantly impacts the overall quality score.",Physics,10468.4
Question_Paper_12_p21_q51,Chemistry,Llama 3.1 8B,vanilla,Vanilla ANEETAA,"The correct answer is A: Thermosetting polymers are reusable.

Explanation:

Thermosetting polymers undergo a chemical change when they are heated, resulting in the formation of cross-links between polymer chains. This process makes them rigid and non-meltable. Once set, thermosetting polymers cannot be melted or reshaped, making them irreversible. Therefore, statement A is incorrect.

The other options are correct:

* B: Elastomers indeed have polymer chains held together by weak intermolecular forces, which allows for elasticity.
* C: Fibers possess high tensile strength due to their aligned molecular structure and strong intermolecular forces.
* D: Thermoplastic polymers can be repeatedly softened and hardened on heating and cooling due to the absence of cross-links between polymer chains.",A,True,10,9,"The explanation is clear and well-structured, using appropriate terminology such as ""cross-links"" and ""intermolecular forces"" to describe the properties of different types of polymers. The logical reasoning is strong, with a step-by-step approach that justifies why each statement is correct or incorrect based on the chemical properties of the polymers. The explanation correctly applies scientific principles, demonstrating a solid understanding of polymer chemistry.",Chemistry,6119.5
Question_Paper_12_p21_q51,Chemistry,Llama 3.1 8B,dspy_baseline,DSPy Baseline,A,A,True,10,3,"The explanation lacks clarity and logical reasoning, as it does not provide any justification or detailed analysis for why option A is considered incorrect. There is no use of proper terminology or structured response to explain the properties of thermosetting polymers, elastomers, fibers, or thermoplastic polymers. The response fails to apply scientific principles or methodology to support the choice, making it difficult to assess the reasoning behind the selection.",Chemistry,6291.6
Question_Paper_12_p21_q51,Chemistry,Llama 3.1 8B,dspy_bootstrap,DSPy Bootstrap,A,A,True,10,4,"The explanation lacks clarity and logical reasoning, as it does not provide any justification or detailed analysis for why option A is considered incorrect. There is no use of proper terminology or structured response to explain the properties of thermosetting polymers or compare them with other types of polymers. The response fails to demonstrate a proper understanding of the scientific principles related to polymers, which is crucial for evaluating the correctness of the statement.",Chemistry,2004.9
Question_Paper_12_p21_q51,Chemistry,Llama 3.1 8B,dspy_mipro,DSPy MIPROv2,A,A,True,10,4,"The explanation lacks clarity and logical reasoning. It does not provide any detailed analysis or justification for why option A is considered incorrect. There is no use of proper terminology or structured response to explain the properties of thermosetting polymers or compare them with other types of polymers. The response fails to apply scientific principles or methodology to support the choice, resulting in a weak explanation.",Chemistry,4870.9
Question_Paper_12_p21_q51,Chemistry,Gemma2 9B,vanilla,Vanilla ANEETAA,"The incorrect statement regarding polymers is **A: Thermosetting polymers are reusable**.

**Explanation:**

Thermosetting polymers undergo irreversible chemical changes when heated, forming a rigid, cross-linked network. This process makes them strong and heat-resistant but also prevents them from being remolded or reused.",A,True,10,8,"The explanation is clear and uses proper terminology, such as ""irreversible chemical changes"" and ""cross-linked network,"" which effectively conveys the concept of thermosetting polymers. The logical reasoning is strong, as it provides a step-by-step justification for why thermosetting polymers cannot be reused, focusing on their chemical properties. The explanation correctly applies scientific principles related to polymer chemistry, demonstrating a good understanding of the topic. However, the response could be improved by briefly contrasting thermosetting polymers with thermoplastic polymers to enhance clarity and context.",Chemistry,5298.2
Question_Paper_12_p21_q51,Chemistry,Gemma2 9B,dspy_baseline,DSPy Baseline,A,A,True,10,4,"The explanation lacks clarity and logical reasoning. The response does not provide any justification or reasoning for selecting option A, nor does it explain why the other options might be correct or incorrect. There is no use of proper terminology or structured response to guide the reader through the thought process, and the explanation does not demonstrate an understanding of the scientific principles related to polymers.",Chemistry,6632.6
Question_Paper_12_p21_q51,Chemistry,Gemma2 9B,dspy_bootstrap,DSPy Bootstrap,A,A,True,10,4,"The explanation lacks clarity and logical reasoning. The response does not provide any detailed explanation or justification for why option A is considered incorrect. There is no use of proper terminology or structured reasoning to support the choice, and the response fails to apply relevant scientific principles or concepts related to polymers. The explanation is too brief and does not demonstrate a clear understanding of the topic.",Chemistry,5160.9
Question_Paper_12_p21_q51,Chemistry,Gemma2 9B,dspy_mipro,DSPy MIPROv2,A,A,True,10,4,"The explanation lacks clarity and logical reasoning. The response does not provide any detailed explanation or justification for why option A is considered incorrect. There is no use of proper terminology or structured reasoning to support the choice, and the response fails to apply relevant scientific principles or concepts related to polymers. The explanation is too brief and does not demonstrate a clear understanding of the topic.",Chemistry,7399.8
Question_Paper_12_p21_q51,Chemistry,Mistral Nemo 12B,vanilla,Vanilla ANEETAA,"The incorrect statement regarding polymers is:

**A: Thermosetting polymers are reusable**

Explanation:
Thermosetting polymers, once cured or hardened, cannot be reused or recycled because they undergo irreversible chemical reactions during polymerization. They do not soften when heated; instead, they decompose at high temperatures. Therefore, option A is incorrect.

The other options are correct:

- **B: Elastomers** have polymer chains held together by weak intermolecular forces, allowing them to stretch and return to their original shape.
- **C: Fibers** possess high tensile strength due to the alignment of their molecular chains.
- **D: Thermoplastic polymers** can repeatedly soften when heated and harden when cooled because they undergo physical changes rather than chemical reactions.",A,True,10,9,"The explanation is clear and well-structured, using appropriate terminology to describe the properties of different types of polymers. It logically addresses each option, providing a concise justification for why option A is incorrect and why the other options are correct. The response effectively applies scientific principles related to polymer chemistry, demonstrating a strong understanding of the subject matter.",Chemistry,7462.3
Question_Paper_12_p21_q51,Chemistry,Mistral Nemo 12B,dspy_baseline,DSPy Baseline,A,A,True,10,4,"The explanation lacks clarity and logical reasoning, as it does not provide any justification or detailed analysis for why option A is considered incorrect. There is no use of proper terminology or structured response to explain the properties of thermosetting polymers, elastomers, fibers, or thermoplastic polymers. The response fails to apply scientific principles or methodology to support the choice, making it difficult to assess the reasoning behind the selection.",Chemistry,6088.2
Question_Paper_12_p21_q51,Chemistry,Mistral Nemo 12B,dspy_bootstrap,DSPy Bootstrap,A,A,True,10,4,"The explanation lacks clarity and depth, as it does not provide any reasoning or justification for why option A is considered incorrect. There is no use of proper terminology or structured response to guide the reader through the thought process. The response fails to apply scientific principles or logical reasoning to evaluate each option, which is crucial for understanding the concepts related to polymers.",Chemistry,2777.7
Question_Paper_12_p21_q51,Chemistry,Mistral Nemo 12B,dspy_mipro,DSPy MIPROv2,A,A,True,10,4,"The explanation lacks clarity and logical reasoning. The response does not provide any detailed explanation or justification for why option A is considered incorrect. There is no use of proper terminology or structured reasoning to support the choice, and the response fails to apply relevant scientific principles or concepts related to polymers. The explanation is too brief and does not demonstrate a clear understanding of the topic.",Chemistry,7007.6
Question_Paper_15_p27_q67,Chemistry,Llama 3.1 8B,vanilla,Vanilla ANEETAA,"The correct option is (C):(a) - (iv), (b) – (i), (c) – (iii), (d) – (ii) Li is used in photoelectric cells. Na is used as an absorbent for carbon dioxide. KOH is used as a coolant in fast breeder reactors. Cs is used in electrochemical cells.",B,True,10,3,"The explanation lacks clarity and logical reasoning. It provides a direct answer without any detailed justification or step-by-step reasoning for the matches between List-I and List-II. The response does not use proper terminology or scientific principles to explain why each element or compound is associated with its respective application, which diminishes the overall quality of the explanation.",Chemistry,5312.3
Question_Paper_15_p27_q67,Chemistry,Llama 3.1 8B,dspy_baseline,DSPy Baseline,A,B,False,0,2,"The MCQ solver's response lacks any explanation or reasoning for the chosen answer. There is no use of proper terminology, no step-by-step approach, and no justification for the matching of List-I with List-II. The response fails to demonstrate any logical reasoning or application of chemistry concepts, making it difficult to assess the clarity or correctness of the method.",Chemistry,12289.4
Question_Paper_15_p27_q67,Chemistry,Llama 3.1 8B,dspy_bootstrap,DSPy Bootstrap,"C: (a) - (iv), (b) – (i), (c) – (iii), (d) – (ii)",B,True,10,4,"The explanation lacks clarity and logical reasoning, as it does not provide any justification or step-by-step approach for matching the items in List-I with List-II. There is no use of proper terminology or structured response to explain why each element or compound is associated with its respective application. The response fails to demonstrate the application of scientific principles or methodology, making it difficult to assess the correctness of the method used.",Chemistry,7240.6
Question_Paper_15_p27_q67,Chemistry,Llama 3.1 8B,dspy_mipro,DSPy MIPROv2,A,B,False,0,2,"The MCQ solver's response lacks any explanation or reasoning for the chosen answer. There is no use of proper terminology, no step-by-step approach, and no justification for the matching of List-I with List-II. The response fails to demonstrate any logical reasoning or application of scientific principles, making it difficult to assess the clarity or correctness of the method.",Chemistry,7316.8
Question_Paper_15_p27_q67,Chemistry,Gemma2 9B,vanilla,Vanilla ANEETAA,"**Correct Answer:**  A: (a) - (i), (b) – (iii), (c) – (iv), (d) – (ii)

**Explanation:**

* **(a) Li (Lithium):** Lithium compounds are used in absorbent materials for carbon dioxide. 
* **(b) Na (Sodium):** Sodium is a key component in electrochemical cells, particularly those used in batteries.
* **(c) KOH (Potassium Hydroxide):** Potassium hydroxide is often used as a coolant in fast breeder reactors due to its high heat capacity and ability to absorb neutrons.
* **(d) Cs (Cesium):** Cesium is highly reactive and is used in photoelectric cells, where it emits electrons when exposed to light.",B,True,10,5,"The explanation lacks clarity and logical reasoning. While it uses some proper terminology, it fails to provide detailed justifications for the associations between the elements/compounds and their uses. The response does not follow a step-by-step approach or explain the scientific principles behind each pairing, leading to a superficial understanding of the concepts. Additionally, there are inaccuracies in the explanations, such as the use of KOH as a coolant, which affects the correctness of the method.",Chemistry,6698.3
Question_Paper_15_p27_q67,Chemistry,Gemma2 9B,dspy_baseline,DSPy Baseline,A,B,False,0,2,"The MCQ solver's response lacks any explanation or reasoning for the chosen answer. There is no use of proper terminology, no step-by-step approach, and no justification for the matching of List-I with List-II. The response does not demonstrate any application of scientific principles or methodology, making it impossible to evaluate the clarity, logical reasoning, or correctness of the method.",Chemistry,6672.1
Question_Paper_15_p27_q67,Chemistry,Gemma2 9B,dspy_bootstrap,DSPy Bootstrap,B,B,True,10,3,The MCQ solver's response lacks any explanation or reasoning for the chosen answer. There is no use of proper terminology or structured response to clarify why each element in List-I is matched with its corresponding function in List-II. The absence of a step-by-step approach or justification for the matches indicates poor logical reasoning and application of scientific principles.,Chemistry,2301.1
Question_Paper_15_p27_q67,Chemistry,Gemma2 9B,dspy_mipro,DSPy MIPROv2,B,B,True,10,3,"The explanation lacks clarity and logical reasoning as it does not provide any justification or step-by-step approach for matching the items in List-I with List-II. There is no use of proper terminology or structured response to explain why each element or compound is associated with a particular application. The response fails to demonstrate the application of scientific principles or methodology, making it difficult to understand the reasoning behind the chosen answer.",Chemistry,6163.9
Question_Paper_15_p27_q67,Chemistry,Mistral Nemo 12B,vanilla,Vanilla ANEETAA,"The correct answer is option C.

Explanation:
(a) Li - (iv) photoelectric cell: Lithium is used in photoelectric cells due to its high electrochemical potential.
(b) Na - (iii) coolant in fast breeder reactors: Sodium is used as a coolant in fast breeder reactors because it has a high boiling point and good heat transfer properties.
(c) KOH - (i) absorbent for carbon dioxide: Potassium hydroxide reacts with carbon dioxide to form potassium carbonate, making it an effective absorbent for CO2.
(d) Cs - (ii) electrochemical cells: Cesium is used in electrochemical cells due to its low melting point and high electrical conductivity.

Translation:
(a) Li - (iv) фотоелектрична клітина
(b) Na - (iii) охолоджувач у швидких реакторах з розщепленням
(c) KOH - (i) поглинач вуглекислого газу
(d) Cs - (ii) електрохімічні елементи",B,True,10,8,"The explanation is clear and uses proper terminology, effectively describing the roles of each substance in their respective applications. The logical reasoning is strong, as it provides a step-by-step justification for each match, demonstrating a good understanding of the chemistry concepts involved. However, the explanation could be slightly improved by providing more detailed reasoning for why each substance is particularly suited to its application, enhancing the depth of the explanation.",Chemistry,8376.9
Question_Paper_15_p27_q67,Chemistry,Mistral Nemo 12B,dspy_baseline,DSPy Baseline,"C: (a) - (ii), (b) – (iii), (c) – (i), (d) – (iv)",B,True,10,4,"The explanation lacks clarity and logical reasoning, as it does not provide any detailed justification or step-by-step approach for matching the items in List-I with List-II. There is no use of proper terminology or structured response to explain why each element or compound is paired with its respective application. The response fails to demonstrate the application of scientific principles or methodology, making it difficult to assess the correctness of the reasoning.",Chemistry,9544.5
Question_Paper_15_p27_q67,Chemistry,Mistral Nemo 12B,dspy_bootstrap,DSPy Bootstrap,B,B,True,10,3,"The explanation lacks clarity and logical reasoning, as it does not provide any justification or step-by-step approach for matching the items in List-I with List-II. There is no use of proper terminology or structured response to explain why each element or compound is matched with its respective application. The response fails to demonstrate the application of scientific principles or methodology, making it difficult to assess the correctness of the method.",Chemistry,7217.8
Question_Paper_15_p27_q67,Chemistry,Mistral Nemo 12B,dspy_mipro,DSPy MIPROv2,C,B,False,0,3,"The explanation lacks clarity and logical reasoning, as it does not provide any justification or step-by-step approach for matching the items in List-I with List-II. There is no use of proper terminology or structured response to explain why each element or compound is paired with its respective application. The response fails to demonstrate the application of scientific principles or methodology, making it difficult to assess the correctness of the method.",Chemistry,8682.9
Question_Paper_5_p33_q85,Chemistry,Llama 3.1 8B,vanilla,Vanilla ANEETAA,"The correct option is (C): FeSO_{4(aq)} + Zn_{(s)} \rightarrow ZnSO_{4(aq)} + Fe_{(s)}

Explanation: The standard electrode potential of a cell can be calculated using the formula: E^{\circ}_{cell} = E^{\circ}_{cathode} - E^{\circ}_{anode} For the given reactions, we have: A: CuSO_{4(aq)} + Zn_{(s)} \rightarrow ZnSO_{4(aq)} + Cu_{(s)} E^{\circ}_{cell} = 0.34 V - (-0.76 V) = 1.10 V B: CuSO_{4(aq)} + Fe_{(s)} \rightarrow FeSO_{4(aq)} + Cu_{(s)} E^{\circ}_{cell} = 0.34 V - (-0.44 V) = 0.78 V C: FeSO_{4(aq)} + Zn_{(s)} \rightarrow ZnSO_{4(aq)} + Fe_{(s)} E^{\circ}_{cell} = -0.44 V - (-0.76 V) = 0.32 V D: 2CuSO_{4(aq)} + 2Ag_{(s)} \rightarrow 2Cu_{(s)} + Ag_2SO_{4(aq)} E^{\circ}_{cell} = 0.80 V - 0.34 V = 0.46 V Since the standard electrode potential of reaction C is positive, it can occur spontaneously. However, since the standard electrode potential of reaction D is also positive, it can also occur spontaneously. Therefore, option (C) is the correct answer.",D,True,10,6,"The explanation demonstrates a clear understanding of how to calculate the standard electrode potential for each reaction, using the correct formula and showing the calculations step-by-step. However, the reasoning is flawed in the conclusion, as it incorrectly states that a positive standard electrode potential means the reaction cannot occur, which contradicts the earlier calculations. The explanation lacks clarity in the final assessment of which reaction cannot occur, leading to confusion.",Chemistry,8293.1
Question_Paper_5_p33_q85,Chemistry,Llama 3.1 8B,dspy_baseline,DSPy Baseline,D,D,True,10,7,"The explanation demonstrates a good understanding of standard electrode potentials and their application in predicting the feasibility of redox reactions. The response uses proper terminology and provides a clear, structured approach to evaluating each reaction based on the given electrode potentials. However, the explanation could be improved by explicitly detailing the reasoning for each reaction, such as calculating the cell potential for each option to justify why a particular reaction cannot occur. This would enhance the logical reasoning and clarity of the response.",Chemistry,11433.7
Question_Paper_5_p33_q85,Chemistry,Llama 3.1 8B,dspy_bootstrap,DSPy Bootstrap,C,D,False,0,7,"The explanation demonstrates a good understanding of the principles of electrochemistry, particularly the use of standard electrode potentials to predict the feasibility of reactions. The response is logically structured, with a clear step-by-step approach to comparing the electrode potentials of the given reactions. However, the explanation could benefit from more detailed justification for each step, such as explicitly stating why a particular reaction is not feasible based on the calculated cell potential. Additionally, the use of proper terminology and clarity in the explanation is adequate but could be improved for better comprehension.",Chemistry,7651.3
Question_Paper_5_p33_q85,Chemistry,Llama 3.1 8B,dspy_mipro,DSPy MIPROv2,C,D,False,0,7,"The explanation demonstrates a good understanding of standard electrode potentials and their application in predicting the feasibility of redox reactions. The response uses proper terminology and follows a logical step-by-step approach to compare the electrode potentials of the given reactions. However, the explanation could be improved by explicitly detailing the calculations or reasoning for each reaction, which would enhance clarity and ensure a more comprehensive understanding of the methodology used.",Chemistry,9046.3
Question_Paper_5_p33_q85,Chemistry,Gemma2 9B,vanilla,Vanilla ANEETAA,"A reaction will occur spontaneously if the overall cell potential is positive. The cell potential is calculated by subtracting the standard electrode potential of the anode (oxidation) from that of the cathode (reduction).

Let's analyze each option:

**A: CuSO₄(aq) + Zn(s) → ZnSO₄(aq) + Cu(s)**

*  Zn(s) → Zn²⁺(aq) + 2e⁻ (oxidation, E° = -0.76 V)
*  Cu²⁺(aq) + 2e⁻ → Cu(s) (reduction, E° = 0.34 V)
*  E°cell = 0.34 V - (-0.76 V) = 1.10 V

**B: CuSO₄(aq) + Fe(s) → FeSO₄(aq) + Cu(s)**

*  Fe(s) → Fe²⁺(aq) + 2e⁻ (oxidation, E° = -0.44 V)
*  Cu²⁺(aq) + 2e⁻ → Cu(s) (reduction, E° = 0.34 V)
*  E°cell = 0.34 V - (-0.44 V) = 0.78 V

**C: FeSO₄(aq) + Zn(s) → ZnSO₄(aq) + Fe(s)**

*  Zn(s) → Zn²⁺(aq) + 2e⁻ (oxidation, E° = -0.76 V)
*  Fe²⁺(aq) + 2e⁻ → Fe(s) (reduction, E° = -0.44 V)
*  E°cell = -0.44 V - (-0.76 V) = 0.32 V

**D: 2CuSO₄(aq) + 2Ag(s) → 2Cu(s) + Ag₂SO₄(aq)**

*  Ag(s) → Ag⁺(aq) + e⁻ (oxidation, E° = -0.80 V)
*  Cu²⁺(aq) + 2e⁻ → Cu(s) (reduction, E° = 0.34 V)
*  E°cell = 0.34 V - (-0.80 V) = 1.14 V



The reaction that cannot occur is **C: FeSO₄(aq) + Zn(s) → ZnSO₄(aq) + Fe(s)** because the calculated cell potential (0.32 V) is very close to zero, indicating a non-spontaneous reaction.",D,True,10,8,"The explanation is clear and well-structured, using proper terminology and a step-by-step approach to calculate the cell potential for each reaction. The solver correctly applies the concept of standard electrode potentials and the criterion for spontaneity (positive cell potential) to evaluate each reaction. However, the conclusion about reaction C being non-spontaneous due to a cell potential ""very close to zero"" is slightly misleading, as 0.32 V is still a positive value, indicating spontaneity. Despite this, the logical reasoning and methodology are sound.",Chemistry,12250.0
Question_Paper_5_p33_q85,Chemistry,Gemma2 9B,dspy_baseline,DSPy Baseline,D,D,True,10,7,"The explanation demonstrates a good understanding of standard electrode potentials and their application in predicting the feasibility of redox reactions. The response is clear and uses proper terminology, but it lacks a detailed step-by-step approach to justify why each reaction can or cannot occur. While the solver correctly identifies the reaction that cannot occur, the explanation would benefit from a more structured analysis of each option, including calculations or comparisons of electrode potentials to support the conclusion.",Chemistry,11987.2
Question_Paper_5_p33_q85,Chemistry,Gemma2 9B,dspy_bootstrap,DSPy Bootstrap,D,D,True,10,7,"The explanation demonstrates a clear understanding of standard electrode potentials and their role in predicting the feasibility of redox reactions. The response uses proper terminology and follows a logical step-by-step approach to compare the electrode potentials of the given reactions. However, the explanation could be improved by explicitly detailing the calculations or reasoning for each reaction, which would enhance clarity and provide a more comprehensive justification for the conclusion.",Chemistry,9726.7
Question_Paper_5_p33_q85,Chemistry,Gemma2 9B,dspy_mipro,DSPy MIPROv2,C,D,False,0,7,"The explanation demonstrates a good understanding of standard electrode potentials and their application in predicting the feasibility of redox reactions. The response is structured logically, with a clear step-by-step approach to comparing the electrode potentials of the given reactions. However, the explanation could benefit from more detailed justification for each step, such as explicitly stating the criteria for a spontaneous reaction and how the potential differences are calculated. Additionally, the use of proper terminology is adequate, but further clarity in the explanation would enhance understanding.",Chemistry,9468.9
Question_Paper_5_p33_q85,Chemistry,Mistral Nemo 12B,vanilla,Vanilla ANEETAA,"The standard electrode potential (E°) indicates the spontaneity of a redox reaction. A positive E° means the reduction is spontaneous, while a negative E° means the oxidation is spontaneous.

Given:
- Cu^2+/Cu: 0.34 V
- Zn^2+/Zn: -0.76 V
- Fe^2+/Fe: -0.44 V
- Ag+/Ag: 0.80 V

Let's analyze each option:

A: CuSO₄(aq) + Zn(s) → ZnSO₄(aq) + Cu(s)
- The reaction is spontaneous as Zn^2+^/Zn has a more negative E° than Cu^2+/Cu.

B: CuSO₄(aq) + Fe(s) → FeSO₄(aq) + Cu(s)
- The reaction is spontaneous as Fe^2+/Fe has a more negative E° than Cu^2+/Cu.

C: FeSO₄(aq) + Zn(s) → ZnSO₄(aq) + Fe(s)
- The reaction is not spontaneous because Zn^2+^/Zn has a less negative E° than Fe^2+/Fe. Therefore, this option cannot occur spontaneously.

D: 2CuSO₄(aq) + 2Ag(s) → 2Cu(s) + Ag₂SO₄(aq)
- The reaction is spontaneous as Ag+/Ag has a more positive E° than Cu^2+/Cu.

So, the reaction that cannot occur spontaneously based on standard electrode potentials is option C.",D,True,10,7,"The explanation is generally clear and uses proper terminology, effectively communicating the concept of standard electrode potentials and their role in determining reaction spontaneity. The logical reasoning is mostly sound, with a step-by-step analysis of each reaction based on the given electrode potentials. However, the explanation could be improved by explicitly calculating the cell potential for each reaction to better justify the conclusions, which would enhance the clarity and correctness of the method.",Chemistry,10073.9
Question_Paper_5_p33_q85,Chemistry,Mistral Nemo 12B,dspy_baseline,DSPy Baseline,D,D,True,10,7,"The explanation demonstrates a clear understanding of standard electrode potentials and their role in predicting the feasibility of redox reactions. The response uses proper terminology and provides a logical step-by-step approach to compare the electrode potentials of the given reactions. However, the explanation could be improved by explicitly detailing the calculations or reasoning for each reaction, which would enhance clarity and ensure a more comprehensive understanding of the methodology used.",Chemistry,12397.3
Question_Paper_5_p33_q85,Chemistry,Mistral Nemo 12B,dspy_bootstrap,DSPy Bootstrap,D,D,True,10,4,"The explanation lacks clarity and logical reasoning. It does not provide a step-by-step approach or justification for why option D is chosen, nor does it explain the significance of the standard electrode potentials in predicting the feasibility of the reactions. The response fails to apply scientific principles such as comparing electrode potentials to determine which reactions are spontaneous, leading to a lack of clarity and correctness in the methodology.",Chemistry,7896.9
Question_Paper_5_p33_q85,Chemistry,Mistral Nemo 12B,dspy_mipro,DSPy MIPROv2,D,D,True,10,4,"The explanation lacks clarity and logical reasoning. It does not provide a step-by-step approach or justification for why option D is chosen, nor does it explain the significance of the standard electrode potentials in predicting the feasibility of the reactions. The response fails to apply scientific principles such as comparing electrode potentials to determine which reactions are spontaneous, leading to a lack of clarity and correctness in the method.",Chemistry,12853.7
Question_Paper_22_p50_q140,Biology,Llama 3.1 8B,vanilla,Vanilla ANEETAA,"The correct option is (A): (a), (d) and (e) only.

Explanation:
(a) Lecithin found in the plasma membrane is a glycolipid - True. Lecithin, also known as phosphatidylcholine, is a type of glycolipid that plays a crucial role in maintaining the structure and function of cell membranes.
(d) Lipids are generally insoluble in water but soluble in some organic solvents - True. Lipids are hydrophobic molecules that do not mix with water, but they can be dissolved in certain organic solvents such as ethanol or chloroform.
(e) When fatty acid is esterified with glycerol, monoglycerides are formed - True. During the process of esterification, a fatty acid reacts with glycerol to form a monoglyceride.

The other statements are incorrect:
(b) Saturated fatty acids possess one or more c=c bonds - False. Saturated fatty acids have no double bonds (c=c) in their carbon chain.
(c) Gingely oil has lower melting point, hence remains as oil in winter - False. Ghee (gingelly oil) is a saturated fat with a high melting point, which makes it solid at room temperature and even more so in winter.",B,True,10,5,"The explanation demonstrates a moderate level of clarity and logical reasoning. While the response uses some correct biological terminology, it incorrectly identifies lecithin as a glycolipid instead of a phospholipid, which affects the clarity and correctness of the explanation. The logical reasoning is somewhat present, as the solver attempts to justify each statement, but the explanation lacks depth and fails to thoroughly address the mechanisms and processes involved, particularly in the case of gingelly oil and its properties.",Biology,7382.2
Question_Paper_22_p50_q140,Biology,Llama 3.1 8B,dspy_baseline,DSPy Baseline,"A: (a), (d) and (e) only",B,False,0,4,"The explanation lacks clarity and logical reasoning. The response does not provide a step-by-step analysis or justification for why each statement is considered correct or incorrect. There is no use of biological terminology or principles to explain the reasoning behind the selection of statements (a), (d), and (e). The explanation fails to demonstrate a clear understanding of the biological concepts involved, such as the nature of lecithin, the characteristics of saturated fatty acids, and the properties of lipids.",Biology,6878.2
Question_Paper_22_p50_q140,Biology,Llama 3.1 8B,dspy_bootstrap,DSPy Bootstrap,B,B,True,10,3,"The explanation lacks clarity and logical reasoning, as it does not provide any detailed analysis or justification for selecting option B. There is no use of biological terminology or structured reasoning to evaluate each statement individually. The response fails to demonstrate an understanding of the biological principles involved, such as the nature of lecithin, the characteristics of saturated fatty acids, or the solubility of lipids, which are crucial for a comprehensive explanation.",Biology,5637.6
Question_Paper_22_p50_q140,Biology,Llama 3.1 8B,dspy_mipro,DSPy MIPROv2,B,B,True,10,4,"The explanation lacks clarity and logical reasoning, as it does not provide any detailed analysis or justification for selecting option B. There is no use of biological terminology or structured reasoning to evaluate each statement individually. The response fails to demonstrate a step-by-step approach or application of scientific principles to assess the correctness of each statement, which is crucial for understanding the reasoning behind the chosen answer.",Biology,8091.3
Question_Paper_22_p50_q140,Biology,Gemma2 9B,vanilla,Vanilla ANEETAA,"The correct answer is **B: (c), (d) and (e) only**

Here's why:

* **(a) Lecithin found in the plasma membrane is a glycolipid:**  Incorrect. Lecithin is a phospholipid, not a glycolipid. Phospholipids have a phosphate group in their structure, while glycolipids have a carbohydrate attached.
* **(b) Saturated fatty acids possess one or more c=c bonds:** Incorrect. Saturated fatty acids have *no* double bonds between carbon atoms (hence ""saturated"" with hydrogen). Unsaturated fatty acids have one or more double bonds.
* **(c) Gingely oil has lower melting point, hence remains as oil in winter:** Correct.  Unsaturated fatty acids, common in gingely oil, have lower melting points than saturated fatty acids. This is why oils tend to remain liquid at room temperature and even in colder weather.
* **(d) Lipids are generally insoluble in water but soluble in some organic solvents:** Correct. Lipids are hydrophobic (water-fearing) due to their nonpolar hydrocarbon chains. They dissolve well in organic solvents like ethanol or chloroform.
* **(e) When fatty acid is esterified with glycerol, monoglycerides are formed:** Correct.  Esterification of a single fatty acid with glycerol produces a monoglyceride. Two fatty acids and glycerol form a diglyceride, and three fatty acids and glycerol form a triglyceride. 



Let me know if you have any other questions!",B,True,10,9,"The explanation is clear and well-structured, using appropriate biological terminology throughout. Each statement is evaluated logically and methodically, with clear justifications based on biological principles. The solver effectively distinguishes between different types of lipids and fatty acids, demonstrating a strong understanding of the subject matter. The only minor improvement could be a slightly more detailed explanation of why gingely oil remains liquid in winter, but overall, the reasoning is thorough and accurate.",Biology,8803.9
Question_Paper_22_p50_q140,Biology,Gemma2 9B,dspy_baseline,DSPy Baseline,"B: (c), (d) and (e) only",B,True,10,7,"The explanation provided by the MCQ solver demonstrates a good use of biological terminology and clear explanations, particularly in addressing the properties of lipids and their behavior in different conditions. The logical reasoning is fairly strong, as the solver systematically evaluates each statement, providing justification for why certain statements are correct or incorrect. However, the explanation could benefit from a more detailed breakdown of each statement to enhance clarity and ensure a comprehensive understanding of the biological principles involved.",Biology,9925.2
Question_Paper_22_p50_q140,Biology,Gemma2 9B,dspy_bootstrap,DSPy Bootstrap,B,B,True,10,4,"The explanation lacks clarity and logical reasoning, as it does not provide any detailed analysis or justification for selecting option B. There is no use of biological terminology or structured reasoning to evaluate each statement individually. The response fails to demonstrate a step-by-step approach or apply scientific principles to assess the correctness of each statement, resulting in a low-quality explanation.",Biology,8270.0
Question_Paper_22_p50_q140,Biology,Gemma2 9B,dspy_mipro,DSPy MIPROv2,B,B,True,10,3,"The explanation lacks clarity and logical reasoning, as it does not provide any justification or step-by-step analysis for choosing option B. There is no use of biological terminology or principles to explain why certain statements are correct or incorrect. The response fails to demonstrate an understanding of the biological concepts involved, such as the nature of lecithin, the characteristics of saturated fatty acids, or the solubility of lipids.",Biology,8134.3
Question_Paper_22_p50_q140,Biology,Mistral Nemo 12B,vanilla,Vanilla ANEETAA,"The correct set of statements is:

(a) Lecithin found in the plasma membrane is a phospholipid, not a glycolipid. So, this statement is incorrect.
(b) Saturated fatty acids do not possess any C=C bonds. They have all their carbon atoms bonded to hydrogen atoms. So, this statement is incorrect.
(c) Gingely oil has a high melting point due to its high saturated fat content. It can solidify in winter, so this statement is incorrect.
(d) Lipids are generally insoluble in water but soluble in some organic solvents like ethanol and chloroform. This statement is correct.
(e) When fatty acid is esterified with glycerol, triglycerides (not monoglycerides) are formed. So, this statement is incorrect.

Therefore, the correct option is:
B: (d) only",B,True,10,7,"The explanation demonstrates a good understanding of biological terminology and principles, particularly in clarifying the nature of lecithin, saturated fatty acids, and the solubility of lipids. The logical reasoning is mostly clear, with a step-by-step approach to evaluating each statement. However, there is a minor error in the explanation of gingely oil's properties, which slightly affects the clarity and correctness of the method. Overall, the response is well-structured and provides a solid justification for each statement's evaluation.",Biology,7701.4
Question_Paper_22_p50_q140,Biology,Mistral Nemo 12B,dspy_baseline,DSPy Baseline,A,B,False,0,2,"The explanation lacks clarity and logical reasoning, as it does not provide any justification or step-by-step analysis for selecting the answer. There is no use of biological terminology or principles to explain why certain statements are correct or incorrect. The response simply states an answer without any supporting explanation, which significantly diminishes the quality of the reasoning.",Biology,6974.5
Question_Paper_22_p50_q140,Biology,Mistral Nemo 12B,dspy_bootstrap,DSPy Bootstrap,"None of the options contains only the correct statement (d). Therefore, none of the given options is entirely correct.",B,False,0,3,"The explanation lacks clarity and logical reasoning. It does not use proper biological terminology or provide a structured analysis of each statement. The response fails to apply scientific principles to evaluate each statement individually, offering no justification or reasoning for why statement (d) is correct or why the other statements are incorrect. The explanation is too brief and does not demonstrate a step-by-step approach to solving the question.",Biology,5704.3
Question_Paper_22_p50_q140,Biology,Mistral Nemo 12B,dspy_mipro,DSPy MIPROv2,B,B,True,10,3,"The explanation lacks clarity and logical reasoning, as it does not provide any justification or step-by-step analysis for selecting option B. There is no use of biological terminology or principles to explain why certain statements are correct or incorrect. The response fails to demonstrate an understanding of the biological concepts involved, such as the nature of lecithin, the characteristics of saturated fatty acids, or the solubility of lipids.",Biology,11454.9
Question_Paper_44_p8_q49,Physics,Llama 3.1 8B,vanilla,Vanilla ANEETAA,"The correct answer is option (D) : –40 cm , The given figure shows a convex lens placed in front of a concave lens. , Let the focal length of the convex lens be f_(1) and that of the concave lens be f_(2). , According to the lens formula, \(\frac{1}{f}=\left(\frac{1}{v}-\frac{1}{u}\right)\) , For a convex lens, the focal length is positive. , For a concave lens, the focal length is negative. , The equivalent focal length of the combination of lenses can be calculated using the formula: \(\frac{1}{f_{eq}}=\frac{1}{f_1}+\frac{1}{f_2}\) , Substituting the values given in the question, we get: \(\frac{1}{f_{eq}}=\frac{1}{40}-\frac{1}{-100}\) , Simplifying further, we get: \(\frac{1}{f_{eq}}=\frac{5}{200}+\frac{2}{200}\) , Combining the fractions, we get: \(\frac{1}{f_{eq}}=\frac{7}{200}\) , Taking the reciprocal of both sides, we get: \(f_{eq}=\frac{200}{7}\) cm , Therefore, the equivalent focal length of the combination of lenses is 28.57 cm.",A,True,10,6,"The explanation uses proper terminology and clearly distinguishes between the focal lengths of convex and concave lenses, which contributes to clarity. However, the logical reasoning is flawed due to incorrect substitution and simplification of the focal length values, leading to an incorrect calculation. The method is generally correct in terms of using the lens formula, but the execution of the calculation lacks accuracy, affecting the overall quality of the explanation.",Physics,7659.7
Question_Paper_44_p8_q49,Physics,Llama 3.1 8B,dspy_baseline,DSPy Baseline,A,A,True,10,2,"The explanation lacks clarity and logical reasoning, as it does not provide any step-by-step approach or justification for the answer choice. There is no use of proper terminology or definitions of variables, and the response fails to apply any scientific principles or methodology to solve the problem. The explanation is essentially non-existent, making it difficult to assess the reasoning behind the answer.",Physics,18843.8
Question_Paper_44_p8_q49,Physics,Llama 3.1 8B,dspy_bootstrap,DSPy Bootstrap,"D: –40 cm

This option suggests a combination where f1 could be 100 cm (a convex lens), making the equivalent focal length -1/(-1/100) = 100 cm. However, this doesn't match any of the options directly. Let's consider another possibility:

If we assume that one of the lenses has a focal length of 50 cm and the other is its negative counterpart (-50 cm), then:

f = -1/f1
= -1/(-50)
= 50 cm

However, this doesn't match any of the options either.

Given the lack of information about the figure or specific lens parameters, I'll select an answer based on a common optics problem where two lenses with equal but opposite powers are combined:",A,True,10,3,"The explanation lacks clarity and proper use of terminology, as it does not define variables or clearly explain the steps taken. The logical reasoning is weak, with an unclear step-by-step approach and no justification for the assumptions made about the lenses' focal lengths. The method is incorrect, as it does not apply the lens combination formula properly, leading to confusion and an incomplete explanation.",Physics,9494.6
Question_Paper_44_p8_q49,Physics,Llama 3.1 8B,dspy_mipro,DSPy MIPROv2,"[Error: Expected dict_keys(['reasoning', 'answer']) but got dict_keys(['reasoning'])]",A,False,0,1,"The response lacks any explanation or reasoning, as indicated by the error message. There is no use of proper terminology, no step-by-step logical reasoning, and no application of physics principles. The absence of any content makes it impossible to evaluate the explanation quality.",Physics,16861.0
Question_Paper_44_p8_q49,Physics,Gemma2 9B,vanilla,Vanilla ANEETAA,"**English:**

The equivalent focal length of a combination of lenses is found using the lensmaker's equation and the principle of superposition.  In this case, we have two converging lenses (positive focal lengths). The combined effect is that the system acts as a single converging lens with a shorter focal length than either individual lens. To find the equivalent focal length, we use the following formula:

1/f = 1/f₁ + 1/f₂

Where:
* f is the equivalent focal length
* f₁ and f₂ are the focal lengths of the individual lenses

In this case, f₁ = +50 cm and f₂ = +20 cm. Plugging these values into the equation:

1/f = 1/50 + 1/20 = 7/100
Therefore, f = 100/7 ≈ **+14.3 cm**",A,True,10,7,"The explanation is clear and uses proper terminology, such as ""equivalent focal length"" and ""lensmaker's equation,"" which contributes to its clarity. The logical reasoning is mostly sound, with a step-by-step approach that includes defining variables and substituting values into the formula. However, the explanation could be improved by explicitly stating the assumption that the lenses are thin and aligned along the same optical axis, which is crucial for the application of the formula. Additionally, the explanation could benefit from a brief mention of why the principle of superposition applies in this context.",Physics,7022.5
Question_Paper_44_p8_q49,Physics,Gemma2 9B,dspy_baseline,DSPy Baseline,D: –40 cm,A,False,0,3,"The explanation lacks clarity and logical reasoning, as it does not provide any step-by-step approach or justification for the answer. There is no use of proper terminology or definitions of variables, and the response fails to apply any scientific principles or equations to determine the equivalent focal length. The explanation is essentially non-existent, offering only the final answer without any supporting reasoning.",Physics,10453.7
Question_Paper_44_p8_q49,Physics,Gemma2 9B,dspy_bootstrap,DSPy Bootstrap,C,A,False,0,2,"The explanation lacks clarity and logical reasoning, as it does not provide any step-by-step approach or justification for the answer choice. There is no use of proper terminology or definitions of variables, and the response fails to apply any scientific principles or methodology to solve the problem. The explanation is essentially non-existent, offering no insight into the reasoning process.",Physics,7273.5
Question_Paper_44_p8_q49,Physics,Gemma2 9B,dspy_mipro,DSPy MIPROv2,D,A,False,0,1,"The response lacks any explanation or reasoning, providing only a final answer without any supporting details. There is no use of proper terminology, no step-by-step approach, and no application of physics principles to justify the answer. This makes it impossible to evaluate the clarity, logical reasoning, or correctness of the method used.",Physics,13115.3
Question_Paper_44_p8_q49,Physics,Mistral Nemo 12B,vanilla,Vanilla ANEETAA,"The correct answer is D: -40 cm.

Explanation in English:

In the given figure, there are two concave lenses placed together. The focal length of a combination of lenses can be found using the formula:

1/f = 1/f₁ + 1/f₂

where f is the equivalent focal length of the combination, and f₁ and f₂ are the focal lengths of the individual lenses.

Given that both lenses are concave (f₁ < 0 and f₂ < 0), we can assume their magnitudes to be equal for simplicity. Let's say each lens has a focal length of -20 cm (since the answer choices suggest this is a reasonable assumption).

Using the formula:

1/f = 1/(-20) + 1/(-20)
1/f = -1/20 - 1/20
1/f = -2/20
1/f = -1/10

So, f = -10 cm.

However, since the question asks for the equivalent focal length of the combination and not the individual lenses, we need to consider that the lenses are placed together. When two concave lenses are placed with their principal axes coinciding, the effective focal length is the sum of the reciprocal of the focal lengths of the individual lenses:

f = 1/(-20) + 1/(-20)
f = -1/20 - 1/20
f = -2/20
f = -1/10

So, the equivalent focal length of the combination of lenses is -10 cm. However, this does not match any of the given answer choices, suggesting there might be a mistake in the question or the answer choices provided.

Explanation in Hindi:

दिए गए चित्र में दो कोनाकार लेंस एक-दूसरे के साथ रखे हुए हैं। लेंसों की संयोजन का समकक्ष फोकल लंबाई का पता लगाने के लिए निम्नलिखित सूत्र उपयोग किया जाता है:

1/f = 1/f₁ + 1/f₂

जहाँ f संयोजन का समकक्ष फोकल लंबाई है, और f₁ तथा f₂ एक-एक लेंसों की फोकल लंबाइयाँ हैं।

दिए गए विकल्पों से पता चलता है कि दोनों लेंसों की मात्रा समान होगी। इसलिए हम प्रत्येक लेंस के लिए -20 सेंटीमीटर का मान ले सकते हैं।

सूत्र का उपयोग करते हुए:

1/f = 1/(-20) + 1/(-20)
1/f = -1/20 - 1/20
1/f = -2/20
1/f = -1/10

इसलिए, f = -10 सेंटीमीटर।

लेकिन प्रश्न संयोजन के लिए लेंसों की समकक्ष फोकल लंबाई पूछता है, इसलिए हमें लेंसों को उनके प्रमुख अक्ष पर एक-दूसरे से मिलाकर रखने का विचार करना होगा। दो कोनाकार लेंसों को उनके प्रमुख अक्ष पर मिलाकर रखा जाए तो प्रभावी फोकल लंबाई दोनों लेंसों की फोकल लंबाइयाँ के मापदंडों (f₁ तथा f₂) का योग है:

f = 1/(-20) + 1/(-20)
f = -1/20 - 1/20
f = -2/20
f = -1/10

इसलिए, लेंसों के संयोजन की समकक्ष फोकल लंबाई -10 सेंटीमीटर है। लेकिन दिए गए विकल्पों में से कोई भी यह उत्तर नहीं मिलता है, इसलिए प्रश्न या प्रदान किए गए उत्तर विकल्पों में त्रुटि हो सकती है।",A,False,0,5,"The explanation uses proper terminology and provides a clear step-by-step approach to solving the problem, which is beneficial for understanding the process. However, there is a significant logical flaw in the reasoning, as the solver incorrectly repeats the same calculation without addressing the discrepancy between the calculated focal length and the provided answer choices. Additionally, the explanation lacks clarity in addressing why the assumed focal lengths were chosen and does not explore other potential reasons for the mismatch, such as possible errors in the question or assumptions.",Physics,17236.4
Question_Paper_44_p8_q49,Physics,Mistral Nemo 12B,dspy_baseline,DSPy Baseline,A,A,True,10,2,"The explanation lacks clarity and logical reasoning, as it does not provide any step-by-step approach or justification for the answer choice. There is no use of proper terminology or definitions of variables, and the response fails to apply any scientific principles or methodology to solve the problem. The explanation is essentially non-existent, making it difficult to assess the reasoning process.",Physics,9457.2
Question_Paper_44_p8_q49,Physics,Mistral Nemo 12B,dspy_bootstrap,DSPy Bootstrap,B,A,False,0,1,"The response lacks any explanation or reasoning, providing only a final answer without any supporting details. There is no use of proper terminology, no step-by-step approach, and no application of physics principles to justify the answer. This makes it impossible to evaluate the clarity, logical reasoning, or correctness of the method used.",Physics,7773.5
Question_Paper_44_p8_q49,Physics,Mistral Nemo 12B,dspy_mipro,DSPy MIPROv2,A,A,True,10,1,"The response lacks any explanation or reasoning for the answer choice. There is no use of proper terminology, no step-by-step approach, and no application of physics principles. The explanation quality is nonexistent, making it impossible to evaluate clarity, logical reasoning, or correctness of method.",Physics,10134.1
Question_Paper_21_p51_q136,Biology,Llama 3.1 8B,vanilla,Vanilla ANEETAA,"The correct answer is A: Gene Silencing.

Explanation:

Transposons are mobile genetic elements that can jump from one location to another within a genome. They can be used as tools for gene silencing, which is the process of suppressing or reducing the expression of a specific gene. Transposons can be engineered to insert themselves into a gene and disrupt its function, thereby silencing it.

Transposons are often used in molecular biology research to study gene function and regulation. They can also be used to develop new therapeutic strategies for treating genetic diseases by selectively silencing disease-causing genes.

The other options are not correct because:

* Autoradiography (B) is a technique used to detect and visualize radioactive substances, such as labeled DNA or RNA.
* Gene sequencing (C) is the process of determining the order of nucleotides in a DNA molecule.
* Polymerase Chain Reaction (D) is a laboratory technique used to amplify specific segments of DNA.",A,True,10,8,"The explanation is clear and uses appropriate biological terminology, effectively describing the role of transposons in gene silencing. The logical reasoning is strong, as it provides a step-by-step justification for why transposons can be used for gene silencing and distinguishes it from the other options. The explanation correctly applies biological principles, though it could be slightly improved by elaborating on how transposons are engineered for gene silencing.",Biology,6485.7
Question_Paper_21_p51_q136,Biology,Llama 3.1 8B,dspy_baseline,DSPy Baseline,A,A,True,10,4,"The explanation lacks clarity and depth, as it does not provide any reasoning or justification for why transposons are associated with gene silencing. There is no use of biological terminology or a structured approach to explain the connection between transposons and the options provided. The response fails to demonstrate logical reasoning or the application of scientific principles, making it difficult to assess the correctness of the method.",Biology,5305.9
Question_Paper_21_p51_q136,Biology,Llama 3.1 8B,dspy_bootstrap,DSPy Bootstrap,C,A,False,0,3,"The explanation lacks clarity and logical reasoning, as it does not provide any justification or step-by-step approach to why transposons would be used in gene sequencing. There is no use of biological terminology or explanation of the mechanisms by which transposons function in the context of the options provided. The response fails to apply scientific principles or methodology, resulting in a poor quality explanation.",Biology,2842.1
Question_Paper_21_p51_q136,Biology,Llama 3.1 8B,dspy_mipro,DSPy MIPROv2,A,A,True,10,4,"The explanation lacks clarity and depth, as it does not provide any reasoning or justification for why transposons are used in gene silencing. There is no use of biological terminology or a structured approach to explain the connection between transposons and the given options. The response fails to demonstrate logical reasoning or the application of scientific principles, making it difficult to understand the thought process behind the choice.",Biology,7004.2
Question_Paper_21_p51_q136,Biology,Gemma2 9B,vanilla,Vanilla ANEETAA,"**Answer:** A: Gene Silencing 

**Explanation:**

Transposons are DNA sequences that can move or ""jump"" from one location to another within a genome.  This ability can be used for gene silencing because inserting a transposon into a gene can disrupt its function, effectively silencing the gene's expression.",A,True,10,7,"The explanation provides a clear and concise description of what transposons are and how they can be used to disrupt gene function, which is relevant to gene silencing. The use of biological terminology is appropriate, and the explanation logically connects the movement of transposons to the potential for gene silencing. However, the explanation could be improved by elaborating on the mechanism of how transposon insertion leads to gene silencing, providing a more detailed step-by-step reasoning.",Biology,5397.3
Question_Paper_21_p51_q136,Biology,Gemma2 9B,dspy_baseline,DSPy Baseline,A,A,True,10,4,"The explanation lacks clarity and logical reasoning, as it does not provide any justification or detailed reasoning for why transposons are used in gene silencing. There is no use of biological terminology or explanation of the mechanisms by which transposons might contribute to gene silencing. The response fails to demonstrate a structured approach or application of scientific principles, making it difficult to assess the correctness of the method.",Biology,6881.5
Question_Paper_21_p51_q136,Biology,Gemma2 9B,dspy_bootstrap,DSPy Bootstrap,A,A,True,10,4,"The explanation lacks clarity and depth, as it does not provide any reasoning or justification for why transposons are associated with gene silencing. There is no use of biological terminology or a structured approach to explain the connection between transposons and the given options. The response fails to demonstrate logical reasoning or the application of scientific principles, resulting in a low-quality explanation.",Biology,2891.8
Question_Paper_21_p51_q136,Biology,Gemma2 9B,dspy_mipro,DSPy MIPROv2,A,A,True,10,4,"The explanation lacks clarity and logical reasoning, as it does not provide any justification or detailed steps to support the choice of gene silencing as the answer. There is no use of biological terminology or explanation of how transposons relate to gene silencing, which diminishes the clarity and correctness of the method. The response fails to demonstrate a structured approach or application of scientific principles, making it difficult to assess the reasoning behind the choice.",Biology,5705.8
Question_Paper_21_p51_q136,Biology,Mistral Nemo 12B,vanilla,Vanilla ANEETAA,"The correct option is A: Gene Silencing.

Explanation in English:
Transposons, also known as ""jumping genes,"" have the ability to move around within the genome and can insert into or excise from specific locations. This property makes them useful tools for gene silencing techniques such as RNA interference (RNAi). By inserting a transposon carrying a sequence that matches the target gene's mRNA, researchers can trigger RNAi and silence the expression of that gene.

Explanation in Hindi:
ट्रांसपोजन्स को ""जम्पिंग जिन्स"" के नाम से भी जाना जाता है। ये अपने आपको जीनोम में घूम सकते हैं और विशिष्ट स्थानों में डाल या निकाल सकते हैं। इस गुण के कारण, इन्हें जीन साइलेंसिंग तकनीकों जैसे आरएनए इंटरफेरेंस (RNAi) के लिए उपयोगी औजार के रूप में काम में लिया जाता है। लक्ष्य जीन की mRNA से मैच करने वाले सिक्वेन्स को लेकर ट्रांसपोजन डालकर, अनुसंधानकर्ता RNAi को ट्रिगर कर सकते हैं और उस जीन की एक्सप्रेशन को साइलेंस कर सकते हैं।",A,True,10,7,"The explanation provides a clear and concise description of transposons and their role in gene silencing, using appropriate biological terminology. The logical reasoning is sound, as it explains the mechanism of how transposons can be used to trigger RNA interference, which is a valid method for gene silencing. However, the explanation could be improved by providing more detail on the specific process of how transposons are used in RNAi, as well as addressing why the other options are not applicable, to enhance the overall clarity and depth of understanding.",Biology,8902.8
Question_Paper_21_p51_q136,Biology,Mistral Nemo 12B,dspy_baseline,DSPy Baseline,C,A,False,0,2,"The MCQ solver's response lacks any explanation or reasoning, providing only a single letter as the answer. There is no use of biological terminology, no logical reasoning or step-by-step approach, and no application of scientific principles to justify the choice. The response fails to meet the criteria for clarity, logical reasoning, and correctness of method.",Biology,5979.7
Question_Paper_21_p51_q136,Biology,Mistral Nemo 12B,dspy_bootstrap,DSPy Bootstrap,C,A,False,0,3,"The explanation lacks clarity and logical reasoning, as it does not provide any justification or step-by-step approach to why transposons would be used in gene sequencing. There is no use of biological terminology or explanation of the mechanisms by which transposons function in the context of the options provided. The response fails to apply scientific principles or methodology, resulting in a poor explanation quality.",Biology,2739.4
Question_Paper_21_p51_q136,Biology,Mistral Nemo 12B,dspy_mipro,DSPy MIPROv2,D,A,False,0,2,"The MCQ solver's response lacks any explanation or reasoning for choosing option D. There is no use of biological terminology, no logical reasoning provided, and no application of scientific principles to justify the choice. The response fails to meet the criteria for clarity, logical reasoning, and correctness of method, as it does not offer any insight into the thought process behind the selection.",Biology,7112.4
Question_Paper_2_p53_q139,Biology,Llama 3.1 8B,vanilla,Vanilla ANEETAA,"The correct option is (B): Volcanic activity.

Explanation:

Phosphorus cycle refers to the movement of phosphorus through the environment, including its release from rocks, absorption by living organisms, and return to the soil. Volcanic activity accelerates the phosphorus cycle by releasing phosphorus-rich minerals into the atmosphere, which can then be deposited on land or in water.

Burning of fossil fuels (A) releases carbon dioxide and other greenhouse gases, but it does not directly accelerate the phosphorus cycle. Weathering of rocks (C) is a slow process that releases phosphorus into the environment, but it is not as rapid as volcanic activity. Rainfall and storms (D) can transport phosphorus through the environment, but they do not accelerate the phosphorus cycle.

Translation: 
प्रोस्फोरस चक्र को तेज करने वाला वह है:

विकल्प:
ए: ईंधन की आग
बी: ज्वालामुखीय गतिविधि
सी: पत्थरों का टूटना
डी: वर्षा और तूफान

सही विकल्प है (B): ज्वालामुखीय गतिविधि",C,True,10,7,"The explanation is clear and uses appropriate biological terminology, effectively describing the phosphorus cycle and the role of volcanic activity. The logical reasoning is sound, as it compares the impact of each option on the phosphorus cycle, though it could benefit from a more detailed explanation of how volcanic activity specifically accelerates the cycle. The correctness of the method is generally good, as it applies relevant biological principles, but the explanation could be enhanced by discussing the relative speeds of the processes involved.",Biology,7121.9
Question_Paper_2_p53_q139,Biology,Llama 3.1 8B,dspy_baseline,DSPy Baseline,B,C,False,0,3,"The explanation lacks clarity and logical reasoning, as it does not provide any justification or step-by-step approach to support the choice of volcanic activity as the answer. There is no use of biological terminology or discussion of the phosphorus cycle's mechanisms, such as how phosphorus is released or cycled through the environment. The response fails to apply scientific principles or provide a structured explanation, making it difficult to understand the reasoning behind the selected option.",Biology,5972.1
Question_Paper_2_p53_q139,Biology,Llama 3.1 8B,dspy_bootstrap,DSPy Bootstrap,B,C,False,0,3,"The explanation lacks clarity and logical reasoning, as it does not provide any justification or step-by-step approach to support the choice of volcanic activity as the answer. There is no use of biological terminology or discussion of the phosphorus cycle's mechanisms, such as how phosphorus is released or cycled through the environment. The response fails to apply scientific principles or methodology to explain why volcanic activity would accelerate the phosphorus cycle, resulting in a low score for explanation quality.",Biology,2528.2
Question_Paper_2_p53_q139,Biology,Llama 3.1 8B,dspy_mipro,DSPy MIPROv2,A,C,False,0,3,"The explanation lacks clarity and logical reasoning, as it does not provide any justification or biological principles to support the choice of option A. There is no use of proper terminology or a structured response to explain how burning fossil fuels would accelerate the phosphorus cycle. The response fails to demonstrate a step-by-step approach or any scientific reasoning, making it difficult to assess the correctness of the method.",Biology,4919.8
Question_Paper_2_p53_q139,Biology,Gemma2 9B,vanilla,Vanilla ANEETAA,"**Answer:** B: Volcanic activity 

**Explanation:**

The phosphorus cycle is accelerated by volcanic activity because volcanoes release large amounts of phosphate-containing minerals from the Earth's crust. These minerals are then available for uptake by plants and other organisms, thus speeding up the cycling of phosphorus through the ecosystem.


Let me know if you have any other questions!",C,False,0,6,"The explanation uses appropriate biological terminology and provides a clear, concise description of how volcanic activity can release phosphate-containing minerals, which is relevant to the phosphorus cycle. However, the reasoning lacks depth, as it does not fully explore the mechanisms by which these minerals are integrated into the ecosystem or compare the impact of volcanic activity with other options. Additionally, the explanation could benefit from a more structured approach, detailing the steps of the phosphorus cycle and how volcanic activity specifically accelerates it.",Biology,5462.0
Question_Paper_2_p53_q139,Biology,Gemma2 9B,dspy_baseline,DSPy Baseline,C,C,True,10,4,"The explanation lacks clarity and logical reasoning as it only provides the selected option without any accompanying rationale or use of biological terminology. There is no step-by-step approach or justification for why weathering of rocks would accelerate the phosphorus cycle, nor is there any discussion of the biological principles involved. The response fails to demonstrate a clear understanding of the mechanisms of the phosphorus cycle.",Biology,6495.7
Question_Paper_2_p53_q139,Biology,Gemma2 9B,dspy_bootstrap,DSPy Bootstrap,C,C,True,10,4,"The explanation lacks clarity and logical reasoning as it does not provide any justification or step-by-step approach to explain why weathering of rocks would accelerate the phosphorus cycle. There is no use of biological terminology or discussion of the mechanisms involved in the phosphorus cycle. The response fails to apply scientific principles to support the choice, resulting in a low score for explanation quality.",Biology,3494.3
Question_Paper_2_p53_q139,Biology,Gemma2 9B,dspy_mipro,DSPy MIPROv2,C,C,True,10,4,"The explanation lacks clarity and depth, as it merely states the answer without any elaboration on why weathering of rocks would accelerate the phosphorus cycle. There is no logical reasoning provided to justify the choice, such as discussing the role of rock weathering in releasing phosphorus into the soil. Additionally, the response does not apply biological principles or processes to support the answer, resulting in a low score for correctness of method.",Biology,5831.2
Question_Paper_2_p53_q139,Biology,Mistral Nemo 12B,vanilla,Vanilla ANEETAA,"The correct answer is B: Volcanic activity. Here's why:

Volcanic activity releases phosphorus-rich ash and gases into the atmosphere, which then deposit onto land and water bodies, accelerating the phosphorus cycle by increasing its availability in these environments.

A: Burning of fossil fuels does not significantly contribute to the phosphorus cycle.
C: Weathering of rocks slowly releases phosphorus but does not accelerate the cycle.
D: Rainfall and storms mainly redistribute phosphorus but do not accelerate the cycle's rate.",C,False,0,7,"The explanation is clear and uses appropriate biological terminology, such as ""phosphorus-rich ash"" and ""deposits onto land and water bodies,"" which contributes to clarity. The logical reasoning is generally sound, as it provides a step-by-step justification for why volcanic activity can accelerate the phosphorus cycle, although it could benefit from more detail on the mechanisms involved. The correctness of the method is adequate, as it applies relevant biological principles, but the explanation could be improved by elaborating on how volcanic activity specifically impacts the phosphorus cycle compared to other options.",Biology,6649.5
Question_Paper_2_p53_q139,Biology,Mistral Nemo 12B,dspy_baseline,DSPy Baseline,C: Weathering of rocks,C,True,10,7,"The explanation provided by the AI MCQ solver is clear and uses appropriate biological terminology, such as ""weathering of rocks,"" which is relevant to the phosphorus cycle. The logical reasoning is moderately strong, as it identifies a key process in the phosphorus cycle, but it lacks a detailed step-by-step explanation or justification for why weathering specifically accelerates the cycle. The correctness of the method is adequate, as it applies the basic principle that weathering releases phosphorus from rocks, but the explanation could be improved with more depth and context.",Biology,5307.9
Question_Paper_2_p53_q139,Biology,Mistral Nemo 12B,dspy_bootstrap,DSPy Bootstrap,B,C,False,0,3,"The explanation lacks clarity and logical reasoning, as it does not provide any justification or step-by-step approach to explain why volcanic activity would accelerate the phosphorus cycle. There is no use of biological terminology or principles to support the choice, making the response vague and uninformative. The explanation fails to demonstrate an understanding of the mechanisms involved in the phosphorus cycle.",Biology,7058.3
Question_Paper_2_p53_q139,Biology,Mistral Nemo 12B,dspy_mipro,DSPy MIPROv2,C,C,True,10,4,"The explanation lacks clarity and logical reasoning as it only provides the selected option without any justification or detailed explanation. There is no use of biological terminology or a structured approach to explain why weathering of rocks would accelerate the phosphorus cycle. The response fails to demonstrate an understanding of the biological principles involved in the phosphorus cycle, such as the role of rock weathering in releasing phosphorus into the soil and water systems.",Biology,10998.6
Question_Paper_24_p58_q149,Biology,Llama 3.1 8B,vanilla,Vanilla ANEETAA,"Assertion (A) is correct. Mendel's law of independent assortment states that genes on different chromosomes will segregate independently of each other during meiosis. However, this law does not apply to genes that are closely linked or located on the same chromosome.

Reason (R) is incorrect. Closely located genes do not assort independently. They tend to be inherited together as a single unit due to their proximity on the same chromosome.

Therefore, the correct answer is:

B: (A) is correct but (R) is not correct",B,True,10,9,"The explanation is clear and uses appropriate biological terminology, such as ""independent assortment"" and ""linked genes,"" which enhances clarity. The logical reasoning is strong, as it methodically addresses both the assertion and the reason, explaining why the assertion is correct and the reason is incorrect. The explanation correctly applies the principles of genetics, particularly the concept of gene linkage, to justify the evaluation of the statements.",Biology,5574.7
Question_Paper_24_p58_q149,Biology,Llama 3.1 8B,dspy_baseline,DSPy Baseline,A,B,False,0,5,"The explanation lacks clarity and depth, as it does not provide a detailed analysis of why the assertion and reason are evaluated as they are. The response fails to use proper biological terminology or explain the concept of gene linkage and independent assortment, which are crucial to understanding the question. Additionally, the logical reasoning is weak, as there is no step-by-step approach or justification for the chosen answer, leaving the reader without a clear understanding of the reasoning process.",Biology,5937.5
Question_Paper_24_p58_q149,Biology,Llama 3.1 8B,dspy_bootstrap,DSPy Bootstrap,B,B,True,10,7,"The explanation provided by the MCQ solver is concise but lacks depth. It correctly identifies that the assertion is true and the reason is false, indicating a basic understanding of genetic linkage and independent assortment. However, the response could be improved by elaborating on why closely located genes do not assort independently, perhaps by mentioning the concept of genetic linkage and how it affects the assortment of alleles. The use of biological terminology is appropriate, but the logical reasoning could be more detailed to enhance clarity and understanding.",Biology,2420.1
Question_Paper_24_p58_q149,Biology,Llama 3.1 8B,dspy_mipro,DSPy MIPROv2,B,B,True,10,7,"The explanation provided by the MCQ solver is concise but lacks depth. It correctly identifies that the assertion is true and the reason is false, which shows an understanding of the concept of genetic linkage and independent assortment. However, the response could be improved by elaborating on why closely located genes do not assort independently, perhaps by discussing the concept of genetic linkage and how it affects the assortment of alleles. The use of biological terminology is appropriate, but the explanation would benefit from a more structured and detailed reasoning process.",Biology,6529.1
Question_Paper_24_p58_q149,Biology,Gemma2 9B,vanilla,Vanilla ANEETAA,"**Answer:** A

**Explanation:** 

Mendel's Law of Independent Assortment states that alleles for different traits segregate independently during gamete formation. This means that the inheritance of one trait doesn't influence the inheritance of another. However, this law doesn't hold true for genes located close together on the same chromosome.  

Genes on the same chromosome tend to be inherited together because they are physically linked. The closer two genes are, the less likely they are to be separated during crossing over (a process that occurs during meiosis and shuffles genetic material). 

Therefore, closely located genes do not assort independently.",B,False,0,8,"The explanation is clear and uses appropriate biological terminology, such as ""independent assortment,"" ""crossing over,"" and ""linked genes,"" which enhances clarity. The logical reasoning is strong, as it provides a step-by-step explanation of why Mendel's law does not apply to closely located genes, effectively linking the concepts of physical proximity and genetic linkage. However, the explanation could be slightly improved by explicitly addressing the incorrectness of the Reason statement, which would provide a more comprehensive understanding of the question.",Biology,6252.5
Question_Paper_24_p58_q149,Biology,Gemma2 9B,dspy_baseline,DSPy Baseline,A,B,False,0,5,"The explanation lacks clarity and depth, as it does not provide a detailed analysis of why the assertion and reason are evaluated as they are. The response fails to use proper biological terminology or explain the concept of gene linkage and independent assortment, which are crucial to understanding the question. Additionally, the logical reasoning is weak, as there is no step-by-step approach or justification provided for the chosen answer.",Biology,6080.4
Question_Paper_24_p58_q149,Biology,Gemma2 9B,dspy_bootstrap,DSPy Bootstrap,A,B,False,0,5,"The explanation lacks clarity and depth, as it does not provide any reasoning or justification for choosing option A. There is no use of biological terminology or a structured approach to explain why the assertion and reason are evaluated as they are. The response fails to demonstrate logical reasoning or the application of scientific principles, leaving the reader without an understanding of the concepts involved in Mendel's law of independent assortment and gene linkage.",Biology,2976.3
Question_Paper_24_p58_q149,Biology,Gemma2 9B,dspy_mipro,DSPy MIPROv2,B,B,True,10,7,"The explanation provided by the MCQ solver is concise and uses appropriate biological terminology, such as ""independent assortment"" and ""closely located genes,"" which contributes to clarity. However, the response lacks a detailed step-by-step logical reasoning process that would justify why the assertion is correct and the reason is incorrect. The explanation could be improved by elaborating on the concept of genetic linkage and how it affects the independent assortment of genes, which would enhance the correctness of the method.",Biology,5676.4
Question_Paper_24_p58_q149,Biology,Mistral Nemo 12B,vanilla,Vanilla ANEETAA,"**English:** The correct answer is option A.

Explanation:
- Assertion (A): Mendel's law of independent assortment does not hold true for genes located closely on the same chromosome due to a phenomenon called genetic linkage.
- Reason (R): Closely located genes do not assort independently; they tend to be inherited together, which is why Mendel's law doesn't apply in such cases.

**Translation:**
- 选项A：孟德尔独立遗传定律对位于同一条染色体上的密切相邻基因不适用，这是因为一种名为遗传连锁的现象。
- 理由R：密切相邻的基因并非独立分离；它们倾向于一起遗传，这就是为什么孟德尔定律在这种情况下不适用。",B,False,0,9,"The explanation is clear and uses appropriate biological terminology, such as ""genetic linkage,"" to explain why Mendel's law of independent assortment does not apply to closely located genes. The logical reasoning is strong, as it provides a step-by-step clarification of the relationship between gene location and inheritance patterns, effectively justifying the assertion. The explanation correctly applies biological principles, demonstrating a solid understanding of the mechanisms involved.",Biology,7853.6
Question_Paper_24_p58_q149,Biology,Mistral Nemo 12B,dspy_baseline,DSPy Baseline,B,B,True,10,7,"The explanation provided by the MCQ solver is concise and uses appropriate biological terminology, such as ""independent assortment"" and ""closely located genes,"" which contributes to clarity. However, the response lacks a detailed step-by-step approach and does not explicitly explain why the assertion is correct and the reason is incorrect, which affects the logical reasoning aspect. The explanation could be improved by elaborating on the concept of genetic linkage and how it affects the independent assortment of genes.",Biology,5956.9
Question_Paper_24_p58_q149,Biology,Mistral Nemo 12B,dspy_bootstrap,DSPy Bootstrap,A,B,False,0,5,"The explanation lacks clarity and depth, as it does not provide a detailed analysis of why the assertion and reason are evaluated as they are. The response does not clearly define key terms such as ""independent assortment"" or explain the concept of genetic linkage, which is crucial for understanding the relationship between the assertion and reason. Additionally, the logical reasoning is weak because it does not offer a step-by-step justification or address why the reason does not correctly explain the assertion, leaving the reader without a comprehensive understanding of the biological principles involved.",Biology,2783.4
Question_Paper_24_p58_q149,Biology,Mistral Nemo 12B,dspy_mipro,DSPy MIPROv2,A,B,False,0,3,"The MCQ solver's response lacks clarity and logical reasoning as it does not provide any explanation or justification for choosing option A. There is no use of biological terminology or a step-by-step approach to address the assertion and reason statements. The response fails to demonstrate an understanding of the principles of Mendel's law of independent assortment and genetic linkage, which are crucial for evaluating the statements.",Biology,6238.9
Question_Paper_44_p32_q159,Biology,Llama 3.1 8B,vanilla,Vanilla ANEETAA,"Answer: B: IRV + ERV + TV

Explanation: Vital capacity (VC) is the maximum volume of air that can be expelled from lungs after a maximal inspiration. It includes tidal volume, inspiratory reserve volume and expiratory reserve volume.

IRV = Inspiratory Reserve Volume
ERV = Expiratory Reserve Volume
TV = Tidal Volume",B,True,10,9,"The explanation is clear and uses proper biological terminology, such as IRV, ERV, and TV, which are well-defined. The response logically explains the components of vital capacity by breaking down the volumes involved, providing a step-by-step understanding of how vital capacity is calculated. The explanation correctly applies biological principles related to lung volumes, making it a well-structured and informative response.",Biology,5202.0
Question_Paper_44_p32_q159,Biology,Llama 3.1 8B,dspy_baseline,DSPy Baseline,B,B,True,10,6,"The explanation lacks clarity as it does not provide any detailed reasoning or breakdown of the components involved in calculating vital capacity. While the solver correctly identifies the components of vital capacity, it fails to explain the biological significance of each term (IRV, ERV, TV) and how they contribute to lung function. The response would benefit from a more structured approach, detailing the logical reasoning behind the combination of these lung volumes.",Biology,9553.5
Question_Paper_44_p32_q159,Biology,Llama 3.1 8B,dspy_bootstrap,DSPy Bootstrap,A,B,False,0,2,"The explanation lacks clarity and logical reasoning, as it does not provide any justification or step-by-step approach to solving the question. There is no use of biological terminology or principles to explain the components of lung capacity, such as Inspiratory Reserve Volume (IRV), Expiratory Reserve Volume (ERV), Tidal Volume (TV), and Residual Volume (RV). The response merely states an option without any explanation, making it difficult to assess the reasoning behind the choice.",Biology,6334.1
Question_Paper_44_p32_q159,Biology,Llama 3.1 8B,dspy_mipro,DSPy MIPROv2,C,B,False,0,3,"The explanation lacks clarity and logical reasoning, as it does not provide any justification or breakdown of the terms involved in calculating vital capacity. There is no use of biological terminology or explanation of the components like IRV (Inspiratory Reserve Volume), ERV (Expiratory Reserve Volume), and TV (Tidal Volume), nor is there any logical reasoning to support the choice of option C. The response fails to apply scientific principles or methodology to explain the concept of vital capacity.",Biology,9144.2
Question_Paper_44_p32_q159,Biology,Gemma2 9B,vanilla,Vanilla ANEETAA,"The correct answer is **A: IRV + ERV + TV – RV**

**Explanation:**

Vital capacity (VC) is the maximum amount of air a person can expel from the lungs after a maximum inhalation.  It's calculated as the sum of:

* **Inspiratory Reserve Volume (IRV):** The extra air you can forcefully inhale after a normal inhalation.
* **Expiratory Reserve Volume (ERV):** The extra air you can forcefully exhale after a normal exhalation.
* **Tidal Volume (TV):** The amount of air inhaled and exhaled during normal, quiet breathing.

We subtract the **Residual Volume (RV)** because this is the air that remains in the lungs even after maximal exhalation and cannot be expelled.",B,False,0,7,"The explanation provides a clear and structured breakdown of the components involved in calculating vital capacity, using appropriate biological terminology such as IRV, ERV, and TV. The logical reasoning is mostly sound, as it explains the role of each volume in the context of lung capacity. However, the explanation incorrectly includes the subtraction of RV, which is not part of the standard calculation for vital capacity, indicating a misunderstanding of the biological principle. Despite this, the explanation effectively communicates the general concept of lung volumes.",Biology,6547.7
Question_Paper_44_p32_q159,Biology,Gemma2 9B,dspy_baseline,DSPy Baseline,A,B,False,0,2,"The explanation lacks clarity and logical reasoning, as it does not provide any justification or step-by-step approach to solving the question. There is no use of biological terminology or principles to explain the components of lung capacity, such as IRV (Inspiratory Reserve Volume), ERV (Expiratory Reserve Volume), TV (Tidal Volume), and RV (Residual Volume). The response merely states an option without any explanation, which does not demonstrate an understanding of the biological concept involved.",Biology,5693.3
Question_Paper_44_p32_q159,Biology,Gemma2 9B,dspy_bootstrap,DSPy Bootstrap,A,B,False,0,3,"The explanation lacks clarity and logical reasoning, as it does not provide any detailed breakdown or justification for the chosen answer. There is no use of biological terminology or explanation of the components involved in calculating vital capacity, such as Inspiratory Reserve Volume (IRV), Expiratory Reserve Volume (ERV), Tidal Volume (TV), and Residual Volume (RV). The response fails to demonstrate an understanding of the biological principles and mechanisms related to lung capacities.",Biology,6780.4
Question_Paper_44_p32_q159,Biology,Gemma2 9B,dspy_mipro,DSPy MIPROv2,A,B,False,0,3,"The explanation lacks clarity and logical reasoning, as it does not provide any detailed breakdown or justification for the chosen answer. There is no use of biological terminology or explanation of the components involved in calculating vital capacity, such as Inspiratory Reserve Volume (IRV), Expiratory Reserve Volume (ERV), Tidal Volume (TV), and Residual Volume (RV). The response fails to demonstrate an understanding of the biological principles and mechanisms underlying lung capacities.",Biology,10395.5
Question_Paper_44_p32_q159,Biology,Mistral Nemo 12B,vanilla,Vanilla ANEETAA,"The vital capacity (VC) of the lungs is the maximum amount of air that can be exhaled after a maximum inhalation. It is calculated as follows:

VC = Inspiratory Reserve Volume (IRV) + Expiratory Reserve Volume (ERV) + Tidal Volume (TV)

So, the correct option is B: IRV + ERV + TV.

Explanation in English:
- Vital Capacity (VC): The total amount of air that can be exhaled after a maximum inhalation.
- Inspiratory Reserve Volume (IRV): The additional volume of air that can be inhaled beyond the tidal volume.
- Expiratory Reserve Volume (ERV): The additional volume of air that can be exhaled beyond the tidal volume.
- Tidal Volume (TV): The normal volume of air inhaled or exhaled during quiet breathing.

Explanation in Hindi:
- वायु के कुल मात्रा (VC): अधिकतम श्वास लेने के बाद बाहर निकाली जा सकने वाली वायु की मात्रा।
- श्वसन रिजर्व भण्डार (IRV): सामान्य तिदल वायु से आगे अतिरिक्त श्वसन किया जा सकता है।
- बाह्य श्वसन रिजर्व भण्डार (ERV): सामान्य तिदल वायु से आगे बाहर निकाली जा सकने वाली अतिरिक्त वायु की मात्रा।
- तिदल वायु (TV): सामान्य श्वास लेने या छोड़ने के दौरान नरम श्वास लेने में सामान्य रूप से लेना या छोड़ना वाला वायु का मात्रा।",B,True,10,9,"The explanation is clear and well-structured, using appropriate biological terminology to define each component of vital capacity. The logical reasoning is strong, as it provides a step-by-step breakdown of how vital capacity is calculated, including definitions of IRV, ERV, and TV. The explanation correctly applies biological principles to explain the concept of vital capacity, making it easy to understand for someone studying the topic.",Biology,9978.4
Question_Paper_44_p32_q159,Biology,Mistral Nemo 12B,dspy_baseline,DSPy Baseline,B,B,True,10,6,"The explanation uses appropriate biological terminology such as IRV (Inspiratory Reserve Volume), ERV (Expiratory Reserve Volume), and TV (Tidal Volume), which contributes to clarity. However, the response lacks a detailed step-by-step approach and does not provide a clear justification for why RV (Residual Volume) is excluded from the calculation of vital capacity. The explanation could be improved by elaborating on the relationship between these lung volumes and how they contribute to vital capacity, thus enhancing logical reasoning and correctness of method.",Biology,5957.2
Question_Paper_44_p32_q159,Biology,Mistral Nemo 12B,dspy_bootstrap,DSPy Bootstrap,B,B,True,10,6,"The explanation uses appropriate biological terminology such as IRV (Inspiratory Reserve Volume), ERV (Expiratory Reserve Volume), and TV (Tidal Volume), which contributes to clarity. However, the response lacks a detailed step-by-step approach and does not provide a clear justification for why RV (Residual Volume) is excluded from the calculation of vital capacity. The explanation could be improved by elaborating on the relationship between these lung volumes and how they contribute to vital capacity, thus enhancing logical reasoning and correctness of method.",Biology,7147.1
Question_Paper_44_p32_q159,Biology,Mistral Nemo 12B,dspy_mipro,DSPy MIPROv2,A,B,False,0,3,"The explanation lacks clarity and logical reasoning, as it does not provide any justification or step-by-step approach to arrive at the answer. There is no use of biological terminology or explanation of the components involved in calculating vital capacity, such as Inspiratory Reserve Volume (IRV), Expiratory Reserve Volume (ERV), and Tidal Volume (TV). The response fails to apply scientific principles or methodology, making it difficult to understand the reasoning behind the chosen option.",Biology,9013.5
Question_Paper_33_p12_q57,Chemistry,Llama 3.1 8B,vanilla,Vanilla ANEETAA,"The correct answer is A: Increase by a factor of six.

Explanation:

Given that the rate = k[A]²[B], we need to find out how the initial rate changes when the concentration of A is tripled and B remains constant.

Let's assume the initial concentrations are [A]₀ and [B]₀. The initial rate (r₁) can be written as:

r₁ = k([A]₀)²[B]

Now, if we triple the concentration of A to 3[A]₀, the new rate (r₂) becomes:

r₂ = k(3[A]₀)²[B]
= k(9[A]₀)²[B]
= 9k(A)²[B]

Comparing r₁ and r₂, we can see that the initial rate increases by a factor of nine. However, this is not the correct answer because it doesn't take into account the fact that the concentration of B remains constant.

To find the correct answer, let's look at the exponent of [A] in the rate equation. It's ², which means the rate is proportional to the square of the concentration of A. When we triple the concentration of A, its new value is 3[A]₀, and when we square it, we get (3[A]₀)² = 9(A)².

So, the initial rate increases by a factor of nine because of the squared term, but since B remains constant, the overall increase in rate is only due to the change in A. Therefore, the correct answer is:

A: Increase by a factor of six",B,False,0,5,"The explanation demonstrates a clear understanding of the rate law and correctly identifies the relationship between the concentration of A and the rate. However, there is a significant error in the logical reasoning, as the solver incorrectly concludes that the rate increases by a factor of six instead of nine. The explanation is somewhat clear and uses proper terminology, but the logical reasoning is flawed, leading to an incorrect interpretation of the mathematical relationship.",Chemistry,7887.5
Question_Paper_33_p12_q57,Chemistry,Llama 3.1 8B,dspy_baseline,DSPy Baseline,B,B,True,10,7,"The explanation is concise and uses proper terminology, clearly stating the relationship between the rate and the concentration of reactants. However, it lacks a detailed step-by-step approach to show how the rate changes when the concentration of A is tripled. The solver correctly applies the rate law concept but could improve by explicitly demonstrating the calculation process to enhance clarity and logical reasoning.",Chemistry,6325.1
Question_Paper_33_p12_q57,Chemistry,Llama 3.1 8B,dspy_bootstrap,DSPy Bootstrap,B,B,True,10,7,"The explanation is concise and uses proper terminology, clearly stating the relationship between the rate and the concentration of reactants. However, it lacks a detailed step-by-step approach and does not explicitly show the calculation or reasoning behind the factor by which the rate increases. The response correctly applies the rate law concept but could benefit from a more thorough breakdown of the reasoning process.",Chemistry,1906.0
Question_Paper_33_p12_q57,Chemistry,Llama 3.1 8B,dspy_mipro,DSPy MIPROv2,B: Increase by a factor of nine,B,True,10,8,"The explanation provided by the MCQ solver is clear and uses proper terminology, effectively explaining the relationship between the rate of reaction and the concentration of reactants. The logical reasoning is strong, as it follows a step-by-step approach to show how tripling the concentration of A affects the rate, given the rate law. The method is correctly applied, demonstrating a solid understanding of the rate law and its implications on reaction rate changes. However, the explanation could be improved by explicitly stating the mathematical steps involved in calculating the factor by which the rate increases.",Chemistry,3759.1
Question_Paper_33_p12_q57,Chemistry,Gemma2 9B,vanilla,Vanilla ANEETAA,"**Answer:** B: Increase by a factor of nine

**Explanation:**

The given rate law is: Rate = k[A]²[B]

This means the reaction rate is proportional to the square of the concentration of A and directly proportional to the concentration of B.

When the initial concentration of A is tripled, while keeping the concentration of B constant, the new rate becomes:

New Rate = k(3[A])²[B] = 9k[A]²[B]

Therefore, the new rate is nine times the original rate.",B,True,10,9,"The explanation is clear and well-structured, using proper terminology such as ""rate law"" and ""proportional."" It logically walks through the steps of substituting the tripled concentration of A into the rate equation, showing the calculation that leads to the conclusion. The explanation correctly applies the principles of reaction kinetics, demonstrating a solid understanding of how changes in concentration affect the rate of reaction.",Chemistry,6067.0
Question_Paper_33_p12_q57,Chemistry,Gemma2 9B,dspy_baseline,DSPy Baseline,B,B,True,10,7,"The explanation is concise and uses proper terminology, clearly stating the relationship between the rate and the concentration of reactants. However, it lacks a detailed step-by-step approach to demonstrate how the rate changes when the concentration of A is tripled. The response could be improved by explicitly showing the calculation or reasoning that leads to the conclusion that the rate increases by a factor of nine, which would enhance the logical reasoning and clarity.",Chemistry,5704.8
Question_Paper_33_p12_q57,Chemistry,Gemma2 9B,dspy_bootstrap,DSPy Bootstrap,B,B,True,10,7,"The explanation is concise and uses proper terminology, clearly stating the relationship between the rate and the concentration of reactants. However, it lacks a detailed step-by-step approach and does not explicitly show the calculation or reasoning behind the factor by which the rate increases. The response correctly applies the rate law concept but could benefit from a more thorough justification of each step to enhance clarity and logical reasoning.",Chemistry,2312.2
Question_Paper_33_p12_q57,Chemistry,Gemma2 9B,dspy_mipro,DSPy MIPROv2,B,B,True,10,7,"The explanation demonstrates a clear understanding of the rate law and its application, using proper terminology and a logical step-by-step approach to analyze the effect of changing the concentration of reactants on the reaction rate. However, the response lacks a detailed breakdown of the calculations or reasoning that leads to the conclusion, which would enhance clarity and correctness of method. Including a more explicit explanation of how the rate changes with respect to the concentration of A would improve the overall quality.",Chemistry,6021.7
Question_Paper_33_p12_q57,Chemistry,Mistral Nemo 12B,vanilla,Vanilla ANEETAA,"The correct answer is A: Increase by a factor of six.

Explanation in English:
The rate law given is rate = k[A]²[B]. When the initial concentration of A is tripled, the new rate law becomes rate = k[(3[A])²][B] = 9k[A]²[B]. This shows that the initial rate increases by a factor of nine when [A] is tripled. However, since we are looking for an increase in the rate relative to the original concentration of A, we compare the new rate with the original rate (k[A]²[B]), which gives us an increase by a factor of six.

Explanation in Hindi:
दिए गए रेट लॉ के अनुसार रेट = k[A]²[B] है। जब [A] की प्रारंभिक मात्रा को तिहरा किया जाता है, तो नया रेट लॉ बनता है rate = k[(3[A])²][B] = 9k[A]²[B]。यह दिखाता है कि जब [A] को तिहरा किया जाता है, तो रेट में नौ गुना वृद्धि होती है। लेकिन हम मूल [A] की मात्रा से संबंधित नए रेट के लिए वृद्धि देख रहे हैं, इसलिए nous original rate (k[A]²[B]) से नया रेट को तुलना करके हमें छह गुना वृद्धि मिलती है।",B,False,0,7,"The explanation is clear and uses proper terminology, effectively explaining the impact of tripling the concentration of A on the rate of reaction. The logical reasoning is mostly sound, as it correctly applies the rate law to show the change in rate. However, there is a slight confusion in the final comparison step, which affects the clarity and correctness of the method. The explanation could benefit from a more precise conclusion to avoid any misunderstanding.",Chemistry,9631.4
Question_Paper_33_p12_q57,Chemistry,Mistral Nemo 12B,dspy_baseline,DSPy Baseline,B: Increase by a factor of nine,B,True,10,8,"The explanation is clear and uses proper terminology, effectively communicating the relationship between concentration changes and reaction rate. The logical reasoning is strong, as it follows a step-by-step approach to demonstrate how tripling the concentration of A affects the rate, given the rate law. The method correctly applies the principles of reaction kinetics, showing a solid understanding of how the rate is influenced by concentration changes, although it could benefit from a more detailed breakdown of the calculations involved.",Chemistry,6818.3
Question_Paper_33_p12_q57,Chemistry,Mistral Nemo 12B,dspy_bootstrap,DSPy Bootstrap,B,B,True,10,8,"The explanation provided by the MCQ solver is clear and uses proper terminology, effectively explaining the relationship between the rate of reaction and the concentration of reactants. The logical reasoning is strong, as it follows a step-by-step approach to demonstrate how tripling the concentration of A affects the rate, showing that the rate is proportional to the square of the concentration of A. The method is correct in applying the rate law to determine the change in rate, although the explanation could be slightly improved by explicitly stating the mathematical steps involved in calculating the factor by which the rate increases.",Chemistry,2777.9
Question_Paper_33_p12_q57,Chemistry,Mistral Nemo 12B,dspy_mipro,DSPy MIPROv2,B,B,True,10,7,"The explanation is concise and uses proper terminology, clearly stating the relationship between the rate and the concentration of reactants. However, it lacks a detailed step-by-step approach and does not explicitly show the calculation or reasoning behind the factor by which the rate increases. The response correctly applies the rate law concept but could benefit from a more thorough breakdown of the reasoning process.",Chemistry,11363.1
Question_Paper_4_p14_q37,Physics,Llama 3.1 8B,vanilla,Vanilla ANEETAA,"To determine the correct answer, let's analyze the given logic circuit and its truth table.

The logic circuit is not explicitly provided in the question. However, based on the options given, we can infer that it involves a combination of inputs (A, B, C) and their outputs.

Let's examine each option:

Option A: A=0, B=0, C=0; A=0, B=1, C=1; A=1, B=0, C=1; A=1, B=1, C=0

This option suggests that the output is 0 when all inputs are 0, and it's a combination of different input values.

Option B: A=0, B=0, C=1; A=0, B=1, C=0; A=1, B=0, C=0; A=1, B=1, C=1

This option also suggests that the output is 0 when all inputs are 0.

Option C: A=0, B=0, C=1; A=0, B=1, C=0; A=1, B=0, C=1; A=1, B=1, C=0

This option suggests that the output is 1 when all inputs are 1.

Option D: A=0, B=0, C=0; A=0, B=1, C=1; A=1, B=0, C=0; A=1, B=1, C=1

This option suggests that the output is 0 when all inputs are 0.

Based on the analysis, it seems that Option C is a possible solution, as it correctly identifies the input combinations where the output is 1. However, without more information about the logic circuit, it's difficult to determine the correct answer with certainty.

The final answer is: $\boxed{C}$",C,True,10,3,"The explanation lacks clarity and logical reasoning. It does not define any variables or use proper terminology related to logic circuits, such as gates or operations. The response fails to provide a step-by-step analysis or any equations, and it does not apply any physics principles or logic circuit analysis methods. The reasoning is superficial and does not justify why Option C is chosen, making it difficult to follow or understand the thought process.",Physics,8670.1
Question_Paper_4_p14_q37,Physics,Llama 3.1 8B,dspy_baseline,DSPy Baseline,D,C,False,0,1,"The response lacks any explanation or reasoning for the chosen answer. There is no use of proper terminology, no step-by-step approach, and no application of scientific principles or methodology. The response is simply a selection of an option without any accompanying explanation, making it impossible to evaluate the quality of reasoning or clarity.",Physics,10529.6
Question_Paper_4_p14_q37,Physics,Llama 3.1 8B,dspy_bootstrap,DSPy Bootstrap,A,C,False,0,1,"The response lacks any explanation or reasoning for the choice of answer. There is no use of proper terminology, no step-by-step approach, and no application of scientific principles or methodology. The response is simply a letter choice without any accompanying explanation, making it impossible to evaluate the quality of reasoning or explanation.",Physics,7569.4
Question_Paper_4_p14_q37,Physics,Llama 3.1 8B,dspy_mipro,DSPy MIPROv2,D,C,False,0,1,"The response lacks any explanation or reasoning for the chosen answer. There is no use of proper terminology, no step-by-step approach, and no application of scientific principles or methodology. The response is simply a selection of an option without any accompanying explanation, making it impossible to evaluate the quality of reasoning or clarity.",Physics,8998.7
Question_Paper_4_p14_q37,Physics,Gemma2 9B,vanilla,Vanilla ANEETAA,"The correct answer is **B**. 

Here's why:

Truth tables outline the output of a logic circuit for every possible combination of input values.  To determine the truth table, we need to analyze how the circuit operates. Unfortunately, you haven't provided the actual circuit diagram. 

**How to Approach Truth Table Problems:**

1. **Identify Inputs and Outputs:** Determine the number of inputs (A, B in this case) and the single output (C).
2. **List All Combinations:** Create a table with rows representing every possible combination of input values (0 or 1 for each input).
3. **Evaluate Circuit:** For each row, apply the logic rules of the circuit to determine the output (C) value.  

Let me know if you can provide the circuit diagram, and I'll gladly help you construct the complete truth table!",C,True,10,5,"The explanation provides a general overview of how to approach truth table problems, which is clear and uses proper terminology. However, it lacks specific logical reasoning and step-by-step analysis due to the absence of the circuit diagram, which is crucial for constructing the truth table. The response correctly identifies the need for the circuit diagram but does not demonstrate the application of physics principles or logic gate operations, which limits the completeness and correctness of the method.",Physics,6984.2
Question_Paper_4_p14_q37,Physics,Gemma2 9B,dspy_baseline,DSPy Baseline,I need a visual representation of the logic circuit to determine the correct truth table.,C,False,0,3,"The response lacks clarity and logical reasoning as it does not provide any explanation or step-by-step approach to solving the problem. It simply states a need for additional information without attempting to apply any physics principles or logic to the given options. The explanation does not demonstrate an understanding of how to approach the problem using the information provided, resulting in a low score for explanation quality.",Physics,7011.5
Question_Paper_4_p14_q37,Physics,Gemma2 9B,dspy_bootstrap,DSPy Bootstrap,Cannot be determined without the circuit diagram.,C,False,0,3,"The response lacks clarity and logical reasoning as it does not provide any explanation or use of proper terminology related to logic circuits or truth tables. There is no step-by-step approach or justification for the inability to determine the truth table, and the response does not demonstrate any application of scientific principles or methodology. The explanation is minimal and does not meet the criteria for a well-structured response.",Physics,1714.2
Question_Paper_4_p14_q37,Physics,Gemma2 9B,dspy_mipro,DSPy MIPROv2,N/A,C,False,0,5,"The MCQ solver's response is not available, so it is not possible to evaluate the explanation quality based on the given criteria. Without an explanation, there is no basis to assess clarity, logical reasoning, or correctness of method.",Physics,5522.1
Question_Paper_4_p14_q37,Physics,Mistral Nemo 12B,vanilla,Vanilla ANEETAA,"The correct answer is option D.

Explanation:
A truth table for a logic circuit shows the output (C) for all possible combinations of inputs (A and B). In this case:

- When both A and B are 0, C is also 0.
- When A is 0 and B is 1, C is 1.
- When A is 1 and B is 0, C is 0.
- When both A and B are 1, C is 1.

So the truth table that matches these conditions is option D.",C,True,10,5,"The explanation provides a basic description of how a truth table works, which contributes to clarity. However, it lacks detailed logical reasoning and step-by-step analysis of how the output C is derived from inputs A and B using specific logic gates or principles. The explanation does not apply any specific physics or logic principles to justify the output values, which affects the correctness of the method.",Physics,6955.5
Question_Paper_4_p14_q37,Physics,Mistral Nemo 12B,dspy_baseline,DSPy Baseline,D,C,False,0,1,"The response lacks any explanation or reasoning for the chosen answer. There is no use of proper terminology, no step-by-step approach, and no application of scientific principles or methodology. The response is simply a selection of an option without any accompanying explanation, making it impossible to evaluate the quality of reasoning or clarity.",Physics,6232.0
Question_Paper_4_p14_q37,Physics,Mistral Nemo 12B,dspy_bootstrap,DSPy Bootstrap,C,C,True,10,1,"The response lacks any explanation or reasoning for the choice of answer. There is no use of proper terminology, no step-by-step approach, and no application of scientific principles or methodology. The response is simply a selection of an option without any accompanying explanation, making it impossible to evaluate the clarity, logical reasoning, or correctness of the method.",Physics,2614.1
Question_Paper_4_p14_q37,Physics,Mistral Nemo 12B,dspy_mipro,DSPy MIPROv2,D,C,False,0,1,"The response lacks any explanation or reasoning for the chosen answer. There is no use of proper terminology, no step-by-step approach, and no application of scientific principles or methodology. The response is simply a selection of an option without any accompanying explanation, making it impossible to evaluate the quality of reasoning.",Physics,6746.2
Question_Paper_3_p34_q84,Chemistry,Llama 3.1 8B,vanilla,Vanilla ANEETAA,"The correct option is (B): (b)-(iv), (c)-(ii), (d)-(i).",D,True,10,3,The explanation lacks clarity and logical reasoning. The response does not provide any justification or step-by-step approach to match the items in List-I with List-II. There is no use of proper terminology or scientific principles to explain why each element or compound is associated with a particular application. The response is essentially a restatement of the answer choice without any supporting explanation.,Chemistry,4745.0
Question_Paper_3_p34_q84,Chemistry,Llama 3.1 8B,dspy_baseline,DSPy Baseline,C,D,False,0,3,"The explanation lacks clarity and logical reasoning, as it does not provide any justification or step-by-step approach to match the items in List-I with List-II. There is no use of proper terminology or scientific principles to explain why each element or compound is associated with a particular application. The response is essentially a guess without any supporting explanation, which significantly reduces its effectiveness in demonstrating understanding of the chemistry concepts involved.",Chemistry,12622.3
Question_Paper_3_p34_q84,Chemistry,Llama 3.1 8B,dspy_bootstrap,DSPy Bootstrap,D,D,True,10,2,"The explanation lacks clarity and logical reasoning, as it provides no justification or step-by-step approach for matching the items in List-I with List-II. There is no use of proper terminology or scientific principles to support the choices made. The response is simply a selection of an option without any accompanying explanation, which severely limits its educational value.",Chemistry,14488.6
Question_Paper_3_p34_q84,Chemistry,Llama 3.1 8B,dspy_mipro,DSPy MIPROv2,D,D,True,10,2,"The MCQ solver's response lacks any explanation or reasoning for the chosen answer. There is no use of proper terminology, no step-by-step approach, and no justification for the matches between List-I and List-II. The response fails to demonstrate any application of scientific principles or logical reasoning, making it difficult to assess the clarity, logical reasoning, or correctness of the method.",Chemistry,12325.2
Question_Paper_3_p34_q84,Chemistry,Gemma2 9B,vanilla,Vanilla ANEETAA,"**Correct Answer:** A: (a)-(iv), (b)-(i), (c)-(iii), (d)-(ii)

**Explanation:**

* **(a) Li - (iv) Photoelectric cell:** Lithium is used in photoelectric cells due to its low work function, meaning it requires less energy to release electrons when light shines on it. 
* **(b) Na - (i) Absorbent for carbon dioxide:** Sodium hydroxide (NaOH), which contains sodium, is commonly used as an absorbent for carbon dioxide because it reacts with CO2 to form sodium carbonate (Na2CO3).
* **(c) KOH - (iii) Coolant in fast breeder reactors:** Potassium hydroxide (KOH) is used as a coolant in fast breeder reactors due to its high heat capacity and ability to dissolve fission products.
* **(d) Cs - (ii) Electrochemical cells:** Cesium is highly reactive and has a low ionization energy, making it suitable for use in electrochemical cells like batteries.",D,True,10,6,"The explanation demonstrates a moderate level of clarity, using appropriate terminology and providing some reasoning for each match. However, the logical reasoning is somewhat lacking, as the connections between the elements/compounds and their uses are not thoroughly justified or explained in detail. Additionally, there are inaccuracies in the application of scientific principles, such as the use of KOH as a coolant, which is not typically accurate. The response could benefit from more detailed and accurate explanations to improve the overall quality.",Chemistry,7295.9
Question_Paper_3_p34_q84,Chemistry,Gemma2 9B,dspy_baseline,DSPy Baseline,"A: (a)-(iv), (b)-(i), (c)-(iii), (d)-(ii)",D,True,10,4,"The explanation lacks clarity and logical reasoning, as it does not provide any detailed justification or step-by-step approach for matching the items in List-I with List-II. There is no use of proper terminology or structured response to explain why each element or compound is associated with a particular application. The response fails to demonstrate the application of scientific principles or methodology, making it difficult to understand the reasoning behind the chosen matches.",Chemistry,9202.9
Question_Paper_3_p34_q84,Chemistry,Gemma2 9B,dspy_bootstrap,DSPy Bootstrap,A,D,False,0,2,"The explanation provided by the MCQ solver lacks clarity and logical reasoning. There is no use of proper terminology or structured response to justify the chosen option. The solver does not provide any step-by-step approach or scientific principles to explain the matching of List-I with List-II, making it difficult to assess the correctness of the method.",Chemistry,6453.5
Question_Paper_3_p34_q84,Chemistry,Gemma2 9B,dspy_mipro,DSPy MIPROv2,D,D,True,10,3,"The explanation lacks clarity and logical reasoning, as it does not provide any justification or step-by-step approach for matching the items in List-I with List-II. There is no use of proper terminology or scientific principles to explain why each element or compound is associated with a particular application. The response is simply a selection of an option without any supporting explanation, which significantly reduces the quality of the explanation.",Chemistry,5929.8
Question_Paper_3_p34_q84,Chemistry,Mistral Nemo 12B,vanilla,Vanilla ANEETAA,"The correct answer is option C.

Explanation:
(a) Li - photoelectric cell: Lithium is used in photoelectric cells due to its high electrochemical potential.
(b) Na - coolant in fast breeder reactors: Sodium is used as a coolant in fast breeder reactors because it has a high boiling point and good heat transfer properties.
(c) KOH - absorbent for carbon dioxide: Potassium hydroxide reacts with carbon dioxide to form potassium carbonate, making it an effective absorbent for CO2.
(d) Cs - electrochemical cells: Cesium is used in electrochemical cells due to its low melting point and high electrical conductivity.

Translation:
(a) Li - 光电池 (guang dian chi): 铷在光电池中使用是因为它具有高电化学电位。
(b) Na - 快堆反应堆冷却剂 (kuai dui fan ying huai liang jiao): 钠在快堆反应堆中用作冷却剂，因为它具有高沸点和良好的热传导性能。
(c) KOH - 吸收二氧化碳 (xi shou er yang hua dan): 钾氢氧在光电池中使用是因为它与二氧化碳反应形成钾碳酸盐，从而成为一种有效的CO2吸收剂。
(d) Cs - 电化学电池 (dian hua xue dian chi): 锕在电化学电池中使用是因为它具有低熔点和高电导率。",D,True,10,7,"The explanation is generally clear and uses appropriate chemical terminology, such as ""electrochemical potential"" and ""heat transfer properties,"" which contributes to its clarity. The logical reasoning is mostly sound, with each match being justified by a relevant property or application of the substance. However, the explanation could benefit from a more detailed step-by-step approach, particularly in explaining why each substance is uniquely suited to its application, which would enhance the logical reasoning aspect. Additionally, there is a minor error in the translation section, which slightly affects the clarity.",Chemistry,10419.3
Question_Paper_3_p34_q84,Chemistry,Mistral Nemo 12B,dspy_baseline,DSPy Baseline,B,D,False,0,4,"The explanation lacks clarity and logical reasoning, as it does not provide any detailed justification or step-by-step approach for matching the items in List-I with List-II. There is no use of proper terminology or scientific principles to explain why each element or compound is associated with its respective application. The response is simply a selection of an option without any supporting explanation, which significantly reduces the quality of the explanation.",Chemistry,6790.2
Question_Paper_3_p34_q84,Chemistry,Mistral Nemo 12B,dspy_bootstrap,DSPy Bootstrap,C,D,False,0,4,"The explanation lacks clarity and logical reasoning, as it does not provide any justification or step-by-step approach for matching the items in List-I with List-II. There is no use of proper terminology or structured response to explain why each element or compound is matched with its corresponding application. The response fails to demonstrate the application of scientific principles or methodology, making it difficult to assess the correctness of the method.",Chemistry,3900.4
Question_Paper_3_p34_q84,Chemistry,Mistral Nemo 12B,dspy_mipro,DSPy MIPROv2,B,D,False,0,3,"The explanation lacks clarity and logical reasoning, as it does not provide any justification or step-by-step approach for matching the items in List-I with List-II. There is no use of proper terminology or scientific principles to explain why each element or compound is matched with its respective application. The response is simply a selection of an option without any supporting explanation, which significantly reduces the quality of the explanation.",Chemistry,6368.4
Question_Paper_1_p13_q35,Physics,Llama 3.1 8B,vanilla,Vanilla ANEETAA,"According to Bohr's model, the energy of an electron in the nth orbit of a hydrogen atom is given by:

T_n = -13.6/n^2 eV

For the first excited state (n=2), the energy of the electron is:

T_1 = -13.6/2^2 = -3.4 eV

For the second excited state (n=3), the energy of the electron is:

T_2 = -13.6/3^2 = -1.51 eV

The ratio T_1 : T_2 is:

T_1 : T_2 = -3.4 : -1.51
= 9 : 4 (after taking LCM and simplifying)

So, the correct option is (D): 9 : 4",D,True,10,9,"The explanation is clear and uses proper terminology, such as defining the energy levels with the correct formula from Bohr's model. The logical reasoning is strong, with a step-by-step approach that includes calculations for each energy state and a clear demonstration of how the ratio is derived. The method is correct, applying the principles of Bohr's model accurately to determine the energy levels and their ratio.",Physics,6247.9
Question_Paper_1_p13_q35,Physics,Llama 3.1 8B,dspy_baseline,DSPy Baseline,A: 1 : 4,D,False,0,3,"The explanation lacks clarity and logical reasoning, as it does not provide any step-by-step approach or justification for the answer. There is no use of proper terminology or definitions, such as explaining what T_1 and T_2 represent or how they relate to the Bohr model. The response fails to apply any scientific principles or equations, such as the energy level formula for hydrogen, which is crucial for understanding the problem.",Physics,6319.1
Question_Paper_1_p13_q35,Physics,Llama 3.1 8B,dspy_bootstrap,DSPy Bootstrap,A,D,False,0,2,"The explanation lacks clarity and logical reasoning, as it does not provide any step-by-step approach or justification for the answer. There is no use of proper terminology or definitions, such as explaining what T_1 and T_2 represent or how they relate to the Bohr model. The response fails to apply any scientific principles or equations, making it difficult to assess the correctness of the method.",Physics,6840.5
Question_Paper_1_p13_q35,Physics,Llama 3.1 8B,dspy_mipro,DSPy MIPROv2,D,D,True,10,2,"The explanation lacks clarity and logical reasoning, as it does not provide any step-by-step approach or justification for the answer choice. There is no use of proper terminology or definitions, such as explaining what T_1 and T_2 represent in terms of energy levels or how the Bohr model applies to this problem. The response fails to demonstrate any application of scientific principles or methodology, making it difficult to assess the correctness of the method.",Physics,4249.0
Question_Paper_1_p13_q35,Physics,Gemma2 9B,vanilla,Vanilla ANEETAA,"According to Bohr's model, the energy of an electron in a hydrogen atom is given by:

E_n = -13.6 eV / n^2

where 'n' is the principal quantum number (energy level).

* T_1 represents the energy of the electron in the first excited state (n=2)
* T_2 represents the energy of the electron in the second excited state (n=3)

Therefore:

T_1 = -13.6 eV / 2^2 = -3.4 eV
T_2 = -13.6 eV / 3^2 = -1.51 eV

The ratio T_1 : T_2 is:

(-3.4 eV) : (-1.51 eV)  = **9 : 4**",D,False,0,9,"The explanation is clear and uses proper terminology, such as defining the principal quantum number and specifying the energy levels. The logical reasoning is strong, with a step-by-step approach that includes the relevant equations and calculations for each energy state. The method correctly applies Bohr's model principles, demonstrating a solid understanding of the physics involved.",Physics,6807.7
Question_Paper_1_p13_q35,Physics,Gemma2 9B,dspy_baseline,DSPy Baseline,D,D,True,10,2,"The explanation lacks clarity and logical reasoning, as it does not provide any step-by-step approach or justification for the answer choice. There is no use of proper terminology or definitions, such as explaining what T_1 and T_2 represent in terms of energy levels or how they relate to the Bohr model. The response fails to apply any scientific principles or equations, such as the formula for energy levels in the Bohr model, which is crucial for understanding the problem.",Physics,6770.5
Question_Paper_1_p13_q35,Physics,Gemma2 9B,dspy_bootstrap,DSPy Bootstrap,C,D,False,0,2,"The explanation lacks clarity and logical reasoning, as it does not provide any step-by-step approach or justification for the answer choice. There is no use of proper terminology or definitions, such as explaining what T_1 and T_2 represent or how they relate to the Bohr model. The response fails to apply any scientific principles or equations, such as the energy level formula for hydrogen, to support the answer.",Physics,3102.0
Question_Paper_1_p13_q35,Physics,Gemma2 9B,dspy_mipro,DSPy MIPROv2,C,D,False,0,2,"The explanation lacks clarity and logical reasoning, as it does not provide any step-by-step approach or justification for the answer choice. There is no use of proper terminology or definitions, such as explaining what T_1 and T_2 represent or how they relate to the Bohr model. The response fails to apply any scientific principles or equations, such as the energy level formula for hydrogen, which is crucial for understanding the problem.",Physics,6431.1
Question_Paper_1_p13_q35,Physics,Mistral Nemo 12B,vanilla,Vanilla ANEETAA,"The energy of an electron in a hydrogen atom according to Bohr's model is given by E = -(13.6 eV) / n^2, where n is the principal quantum number.

For the first excited state (n=2), T_1 = -(13.6 eV) / 2^2 = -3.4 eV.
For the second excited state (n=3), T_2 = -(13.6 eV) / 3^2 = -1.8 eV.

Therefore, the ratio T_1 : T_2 is 9 : 4.

So, the correct option is D: 9 : 4.

Translation:
能量的单位为电子伏特(eV)，第一激发态(n=2)的能量T_1 = -(13.6 eV) / 2^2 = -3.4 eV，第二激发态(n=3)的能量T_2 = -(13.6 eV) / 3^2 = -1.8 eV。因此，T_1 : T_2 的比率为9：4。

选项D：9：4是正确的。",D,True,10,9,"The explanation is clear and uses proper terminology, such as ""principal quantum number"" and ""energy of an electron."" It provides a well-structured, step-by-step approach to solving the problem, including the correct application of Bohr's model formula for energy levels. Each step is justified with calculations, demonstrating a strong understanding of the physics principles involved. The only minor improvement could be a brief explanation of why the energy is negative, which would enhance clarity further.",Physics,9274.7
Question_Paper_1_p13_q35,Physics,Mistral Nemo 12B,dspy_baseline,DSPy Baseline,D: 9 : 4,D,True,10,3,"The explanation lacks clarity and logical reasoning, as it does not provide any step-by-step approach or justification for the answer. There is no use of proper terminology or definitions, such as explaining what T_1 and T_2 represent in terms of energy levels or how they relate to the Bohr model. The response fails to apply any scientific principles or equations, such as the formula for energy levels in the Bohr model, which is crucial for understanding the problem.",Physics,10355.5
Question_Paper_1_p13_q35,Physics,Mistral Nemo 12B,dspy_bootstrap,DSPy Bootstrap,B,D,False,0,2,"The explanation lacks clarity and logical reasoning, as it does not provide any step-by-step approach or justification for the answer choice. There is no use of proper terminology or definitions, such as explaining what T_1 and T_2 represent in terms of energy levels or how they relate to the Bohr model. The response fails to apply any scientific principles or equations, such as the formula for energy levels in the Bohr model, which is crucial for understanding the problem.",Physics,12726.9
Question_Paper_1_p13_q35,Physics,Mistral Nemo 12B,dspy_mipro,DSPy MIPROv2,C,D,False,0,2,"The explanation lacks clarity and logical reasoning, as it does not provide any step-by-step approach or justification for the answer choice. There is no use of proper terminology or definitions, such as explaining what T_1 and T_2 represent in terms of energy levels or how the Bohr model is applied to determine these energies. The response fails to demonstrate any application of physics principles or equations, making it difficult to assess the correctness of the method.",Physics,11600.2
NEET_Q_8_P24_60,Chemistry,Llama 3.1 8B,vanilla,Vanilla ANEETAA,"The correct answer is A: high basic character.

Explanation:

Ionization enthalpy is the energy required to remove an electron from a neutral atom. The third ionization enthalpy of Gadolinium (Gd) is relatively low because it has a high basic character, meaning it can easily lose three electrons to form a stable +3 ion. This is due to the fact that Gd has a partially filled f-subshell, which makes it more prone to losing electrons.

In simple terms, Gadolinium's tendency to lose electrons and form a stable ion is what leads to its low third ionization enthalpy value.

Translation: गैडोलिनियम की कम तीसरी आयनीकरण एंट्रोपी का मूल्य उसके उच्च बेसिक चरित्र के कारण है।",C,False,0,3,"The explanation lacks clarity and proper use of terminology, as it incorrectly attributes the low third ionization enthalpy to ""high basic character,"" which is not a standard term or concept in this context. The reasoning is flawed because it does not logically connect the concept of basic character to ionization enthalpy, and it fails to provide a step-by-step approach or justification for the claim. Additionally, the explanation does not correctly apply scientific principles related to ionization enthalpy and electronic configuration.",Chemistry,6324.0
NEET_Q_8_P24_60,Chemistry,Llama 3.1 8B,dspy_baseline,DSPy Baseline,A,C,False,0,2,"The explanation lacks clarity and logical reasoning, as it does not provide any justification or scientific principles to support the choice of option A. There is no use of proper terminology or structured response to explain why gadolinium's third ionization enthalpy is low. The response fails to demonstrate any step-by-step approach or application of chemistry concepts, making it difficult to understand the reasoning behind the selected answer.",Chemistry,6102.6
NEET_Q_8_P24_60,Chemistry,Llama 3.1 8B,dspy_bootstrap,DSPy Bootstrap,A,C,False,0,2,"The explanation lacks clarity, as it does not provide any reasoning or use of proper terminology to justify the choice of option A. There is no logical reasoning or step-by-step approach presented, and the response fails to apply any scientific principles or methodology to explain why gadolinium's third ionization enthalpy is low. The response is essentially a guess without any supporting explanation.",Chemistry,6065.5
NEET_Q_8_P24_60,Chemistry,Llama 3.1 8B,dspy_mipro,DSPy MIPROv2,C,C,True,10,4,"The explanation lacks clarity and logical reasoning, as it does not provide any detailed justification or step-by-step approach for why option C is chosen. There is no use of proper terminology or structured response to explain the concept of ionization enthalpy and its relation to exchange enthalpy. The response fails to apply scientific principles effectively, leaving the reasoning behind the choice of answer unclear.",Chemistry,8277.9
NEET_Q_8_P24_60,Chemistry,Gemma2 9B,vanilla,Vanilla ANEETAA,"The answer is **(B) small size**. Here's why:

* **Ionization Enthalpy:** This refers to the energy required to remove an electron from an atom or ion. The higher the ionization enthalpy, the more difficult it is to remove an electron.

* **Third Ionization Enthalpy:**  This specifically refers to the energy needed to remove the *third* electron from an atom.

* **Gadolinium (Gd):** Gadolinium is a lanthanide element with a relatively large atomic number. 

* **Small Size and Shielding:** As you move across a period in the periodic table, atomic size generally decreases.  This is because the increasing number of protons in the nucleus pulls the electrons in more tightly. In addition, the inner electron shells (core electrons) provide less shielding from the nuclear charge as you go down a group.

* **Relating Size to Ionization Enthalpy:** A smaller atom has its outermost electrons held more tightly by the nucleus due to a stronger attraction. This means it takes more energy (higher ionization enthalpy) to remove those electrons.


Let me know if you have any other questions!",C,False,0,4,"The explanation lacks clarity and logical reasoning. It incorrectly associates small size with low ionization enthalpy, which contradicts the general principle that smaller atoms have higher ionization enthalpies due to stronger nuclear attraction. The response fails to address the specific electronic configuration of gadolinium that influences its third ionization enthalpy, and the explanation is not well-structured or logically sound in connecting the concepts to the question.",Chemistry,7794.9
NEET_Q_8_P24_60,Chemistry,Gemma2 9B,dspy_baseline,DSPy Baseline,C,C,True,10,4,"The explanation lacks clarity and logical reasoning, as it does not provide any detailed justification or step-by-step approach for why option C is chosen. There is no use of proper terminology or scientific principles to explain the concept of ionization enthalpy in relation to gadolinium. The response fails to demonstrate a clear understanding of the chemistry concepts involved, resulting in a low score for explanation quality.",Chemistry,6160.6
NEET_Q_8_P24_60,Chemistry,Gemma2 9B,dspy_bootstrap,DSPy Bootstrap,C,C,True,10,4,"The explanation lacks clarity as it does not provide any reasoning or context for why option C was chosen. There is no use of proper terminology or structured response to explain the concept of ionization enthalpy or how exchange enthalpy relates to it. The logical reasoning is absent, as there is no step-by-step approach or justification for the choice, and the explanation does not demonstrate a proper application of scientific principles related to ionization enthalpy.",Chemistry,6917.2
NEET_Q_8_P24_60,Chemistry,Gemma2 9B,dspy_mipro,DSPy MIPROv2,C,C,True,10,4,"The explanation lacks clarity and logical reasoning, as it does not provide any detailed justification or step-by-step approach for why option C is chosen. There is no use of proper terminology or scientific principles to explain the concept of ionization enthalpy in relation to gadolinium. The response fails to demonstrate a clear understanding of the chemistry concepts involved, such as exchange enthalpy or its relevance to ionization enthalpy.",Chemistry,7512.7
NEET_Q_8_P24_60,Chemistry,Mistral Nemo 12B,vanilla,Vanilla ANEETAA,"**English:**
The correct answer is B: small size. Gadolinium has a large number of electrons in its outer shell, which makes it easier to lose one electron compared to other elements with fewer outer electrons. This results in a lower third ionisation enthalpy.

**Translation:**
B: 작은 크기",C,False,0,3,"The explanation lacks clarity and proper use of terminology, as it incorrectly describes gadolinium's electron configuration and its relation to ionization enthalpy. The reasoning is flawed, as it does not logically connect the concept of small size to the third ionization enthalpy, and it fails to provide a step-by-step approach or justification for the conclusion. The explanation does not correctly apply scientific principles related to ionization enthalpy and electron configuration.",Chemistry,6177.0
NEET_Q_8_P24_60,Chemistry,Mistral Nemo 12B,dspy_baseline,DSPy Baseline,B: small size,C,False,0,3,"The explanation lacks clarity and logical reasoning, as it does not provide any detailed justification or scientific principles to support the choice of ""small size"" as the reason for gadolinium's low third ionization enthalpy. There is no use of proper terminology or structured response to explain the relationship between atomic size and ionization enthalpy. The response fails to demonstrate a step-by-step approach or any application of chemistry concepts, resulting in a low score for explanation quality.",Chemistry,6375.0
NEET_Q_8_P24_60,Chemistry,Mistral Nemo 12B,dspy_bootstrap,DSPy Bootstrap,A,C,False,0,2,"The explanation lacks clarity as it does not provide any reasoning or use of proper terminology to justify the choice of option A. There is no logical reasoning or step-by-step approach presented to explain why gadolinium's third ionization enthalpy is low. Additionally, the response does not demonstrate any application of scientific principles or methodology, making it difficult to assess the correctness of the method.",Chemistry,6882.7
NEET_Q_8_P24_60,Chemistry,Mistral Nemo 12B,dspy_mipro,DSPy MIPROv2,B,C,False,0,2,"The response lacks any explanation or reasoning, providing only a single letter as the answer. There is no use of proper terminology, no step-by-step approach, and no justification or application of scientific principles. The explanation quality is extremely poor, as it does not meet any of the evaluation criteria for clarity, logical reasoning, or correctness of method.",Chemistry,10438.0
Question_Paper_6_p48_q132,Biology,Llama 3.1 8B,vanilla,Vanilla ANEETAA,"The correct answer is C: Sites at which crossing over occurs.

Explanation:

During meiosis, the process of recombination involves the exchange of genetic material between homologous chromosomes. This exchange occurs at specific sites called chiasmata (or recombination nodules), where the synaptonemal complex forms a bridge between the two homologs. The appearance of these nodules on homologous chromosomes is a characteristic feature of meiosis, and it marks the sites where crossing over has occurred.

Synaptonemal complex (A) is a protein structure that forms during prophase I of meiosis, but it's not the correct answer because it's not directly related to recombination nodules.

Bivalent (B) refers to pairs of homologous chromosomes that are joined together by chiasmata. While bivalents do form during meiosis, they're not the same as recombination nodules.

Terminalization (D) is a process that occurs during prophase I of meiosis, where chiasmata tend to form closer to the ends of the chromosomes. This is not directly related to the appearance of recombination nodules on homologous chromosomes.

Therefore, the correct answer is C: Sites at which crossing over occurs.",C,True,10,8,"The explanation is clear and uses appropriate biological terminology, such as ""recombination nodules,"" ""chiasmata,"" and ""synaptonemal complex,"" which enhances clarity. The logical reasoning is strong, as it provides a step-by-step analysis of why each option is correct or incorrect, effectively justifying the choice of answer C. The explanation correctly applies biological principles related to meiosis and recombination, demonstrating a solid understanding of the topic. However, the explanation could be slightly improved by more explicitly distinguishing between the roles of chiasmata and recombination nodules.",Biology,7070.5
Question_Paper_6_p48_q132,Biology,Llama 3.1 8B,dspy_baseline,DSPy Baseline,C,C,True,10,7,"The explanation provided by the AI MCQ solver is concise but lacks depth in its reasoning. While it correctly identifies the role of recombination nodules, it does not elaborate on the biological processes involved, such as the formation of the synaptonemal complex or the significance of crossing over during meiosis. The use of biological terminology is appropriate, but the response would benefit from a more structured and detailed explanation to enhance clarity and logical reasoning.",Biology,6618.8
Question_Paper_6_p48_q132,Biology,Llama 3.1 8B,dspy_bootstrap,DSPy Bootstrap,C,C,True,10,7,"The explanation provided by the AI MCQ solver is concise but lacks depth in its reasoning. While it correctly identifies the role of recombination nodules, it does not elaborate on the biological processes involved, such as the formation of the synaptonemal complex or the significance of crossing over during meiosis. The use of biological terminology is appropriate, but the response would benefit from a more structured and detailed explanation to enhance clarity and logical reasoning.",Biology,5167.3
Question_Paper_6_p48_q132,Biology,Llama 3.1 8B,dspy_mipro,DSPy MIPROv2,C,C,True,10,7,"The explanation provided by the AI MCQ solver is concise but lacks depth in terms of clarity and logical reasoning. While it correctly identifies the role of recombination nodules in crossing over, it does not elaborate on the biological processes or structures involved, such as the formation of the synaptonemal complex or the significance of bivalents. The response could be improved by providing a more detailed explanation of the mechanisms and biological principles underlying the appearance of recombination nodules during meiosis.",Biology,7126.9
Question_Paper_6_p48_q132,Biology,Gemma2 9B,vanilla,Vanilla ANEETAA,"**Answer:** C: Sites at which crossing over occurs 

**Explanation:**

Recombination nodules are physical structures that appear on homologous chromosomes during meiosis. These nodules mark the specific locations where crossing over takes place. Crossing over is the exchange of genetic material between non-sister chromatids of homologous chromosomes, leading to genetic recombination and increased diversity in offspring.",C,True,10,8,"The explanation is clear and uses appropriate biological terminology, such as ""recombination nodules,"" ""homologous chromosomes,"" and ""crossing over,"" which enhances clarity. The logical reasoning is sound, as it correctly describes the process of crossing over and its significance in genetic recombination. However, the explanation could be improved by briefly mentioning the stage of meiosis during which recombination nodules appear, to provide a more comprehensive understanding of the process.",Biology,5567.5
Question_Paper_6_p48_q132,Biology,Gemma2 9B,dspy_baseline,DSPy Baseline,C,C,True,10,7,"The explanation provided by the AI MCQ solver is concise but lacks depth in its reasoning. While it correctly identifies the role of recombination nodules, it does not elaborate on the biological processes or mechanisms involved, such as the formation of chiasmata or the significance of crossing over in genetic variation. The use of biological terminology is appropriate, but the response would benefit from a more structured and detailed explanation to enhance clarity and logical reasoning.",Biology,5153.1
Question_Paper_6_p48_q132,Biology,Gemma2 9B,dspy_bootstrap,DSPy Bootstrap,C,C,True,10,7,"The explanation provided by the AI MCQ solver is concise but lacks depth in its reasoning. While it correctly identifies the role of recombination nodules, it does not elaborate on the biological processes involved, such as the formation of the synaptonemal complex or the significance of crossing over during meiosis. The use of biological terminology is appropriate, but the response would benefit from a more structured explanation that connects the appearance of recombination nodules to the broader context of meiotic events.",Biology,5217.2
Question_Paper_6_p48_q132,Biology,Gemma2 9B,dspy_mipro,DSPy MIPROv2,C,C,True,10,4,"The explanation lacks clarity and depth, as it merely states the answer without providing any biological context or terminology related to recombination nodules or their role in meiosis. There is no logical reasoning or step-by-step approach to justify why the chosen option is correct, nor is there any discussion of the biological principles involved in the process of crossing over. The response fails to demonstrate an understanding of the mechanisms and processes at play, which is crucial for a high-quality explanation.",Biology,7738.6
Question_Paper_6_p48_q132,Biology,Mistral Nemo 12B,vanilla,Vanilla ANEETAA,"**English:**
C: Sites at which crossing over occurs

**Explanation:** Recombination nodules are visible sites where crossing over, the exchange of genetic material between homologous chromosomes, takes place during prophase I of meiosis. Therefore, they characterize the sites at which crossing over occurs.

**Hindi:**
सी: क्रॉसिंग ओवर के स्थान पर जहां यह घटित होता है

**Translation Explanation:** रिबॉन्डिंग नोड्स उन स्थानों को चिह्नित करते हैं जहां होमोलॉगस क्रोमोसोमों के बीच क्रॉसिंग ओवर (जेनेटिक मेटीरियल का आदान-प्रदान) होता है, मेयोसिस के प्रोफेज़ I में। इसलिए, वे क्रॉसिंग ओवर के स्थान को चिह्नित करते हैं।",C,True,10,8,"The explanation is clear and uses appropriate biological terminology, such as ""recombination nodules"" and ""crossing over,"" which enhances clarity. The logical reasoning is straightforward, directly linking recombination nodules to the sites of crossing over during prophase I of meiosis, which is a correct application of biological principles. However, the explanation could be improved by providing more detail on the process of crossing over and the role of recombination nodules in meiosis to enhance understanding.",Biology,7806.4
Question_Paper_6_p48_q132,Biology,Mistral Nemo 12B,dspy_baseline,DSPy Baseline,C,C,True,10,7,"The explanation provided by the AI MCQ solver is concise but lacks depth in its reasoning. While it correctly identifies the role of recombination nodules, it does not elaborate on the biological processes involved, such as the formation of the synaptonemal complex or the significance of crossing over during meiosis. The use of biological terminology is appropriate, but the response would benefit from a more structured and detailed explanation to enhance clarity and logical reasoning.",Biology,5149.4
Question_Paper_6_p48_q132,Biology,Mistral Nemo 12B,dspy_bootstrap,DSPy Bootstrap,C,C,True,10,7,"The explanation provided by the AI MCQ solver is concise and directly addresses the question by identifying recombination nodules as sites where crossing over occurs. However, the response lacks depth in biological terminology and does not elaborate on the process of crossing over or the role of recombination nodules in meiosis. While the logical reasoning is straightforward, it would benefit from a more detailed step-by-step explanation to enhance clarity and demonstrate a stronger understanding of the underlying biological principles.",Biology,1491.4
Question_Paper_6_p48_q132,Biology,Mistral Nemo 12B,dspy_mipro,DSPy MIPROv2,C,C,True,10,7,"The explanation provided by the AI MCQ solver is concise but lacks depth in terms of clarity and logical reasoning. While it correctly identifies the role of recombination nodules, it does not elaborate on the biological processes involved, such as the formation of the synaptonemal complex or the significance of crossing over during meiosis. The response could be improved by providing a more detailed explanation of the mechanisms and biological principles underlying the appearance of recombination nodules.",Biology,6060.1
Question_Paper_2_p60_q165,Biology,Llama 3.1 8B,vanilla,Vanilla ANEETAA,"The correct answer is A: Ornithorhynchus.

Explanation:

Ornithorhynchus, also known as the platypus, is a unique mammal that lays eggs instead of giving birth to live young like most other mammals. One of its distinctive features is the way it excretes nitrogenous waste. Unlike humans and many other animals, which excrete urea or uric acid in their urine, the platypus excretes its nitrogenous waste in the form of a paste-like substance called ""uric acid pellets"" through its cloaca.

This unique adaptation is likely due to the fact that the platypus has a low metabolic rate and produces relatively little urea as a byproduct of protein metabolism. As a result, it needs to conserve water and excrete its nitrogenous waste in a more concentrated form.

The other options are not correct because:

* Salamandra (salamanders) excrete their nitrogenous waste in the form of uric acid.
* Hippocampus (sea horses) excrete their nitrogenous waste in the form of urea.
* Pavo (peacocks) excrete their nitrogenous waste in the form of uric acid.

So, Ornithorhynchus is the correct answer because it is the only one that excretes its nitrogenous waste in the form of pellets or paste.",D,False,0,5,"The explanation uses some proper biological terminology and attempts to provide a structured response, but it contains inaccuracies and lacks clarity in certain areas. The reasoning about the platypus excreting uric acid pellets is incorrect, as it actually excretes urea. Additionally, the explanation does not clearly differentiate between the excretion methods of the other animals listed, leading to confusion. The logical reasoning is flawed due to incorrect information, which affects the overall quality of the explanation.",Biology,7283.6
Question_Paper_2_p60_q165,Biology,Llama 3.1 8B,dspy_baseline,DSPy Baseline,A,D,False,0,2,"The response lacks any explanation or reasoning, providing only the selected option without any justification. There is no use of biological terminology or principles, and no logical reasoning is demonstrated to support the choice. The explanation quality is minimal, offering no insight into the thought process or biological understanding behind the answer.",Biology,5501.4
Question_Paper_2_p60_q165,Biology,Llama 3.1 8B,dspy_bootstrap,DSPy Bootstrap,D,D,True,10,3,"The explanation lacks clarity and logical reasoning, as it does not provide any biological terminology or structured reasoning to justify the choice of option D. There is no step-by-step approach or application of scientific principles to explain why Pavo would excrete nitrogenous waste in the form of pellets or paste. The response fails to demonstrate an understanding of the biological processes involved in excretion across different species.",Biology,2635.3
Question_Paper_2_p60_q165,Biology,Llama 3.1 8B,dspy_mipro,DSPy MIPROv2,"A: Ornithorhynchus (Note: However, considering the correct characteristic associated with the production of uric acid and its excretion as guano, which is typical for birds, a more accurate response would be D: Pavo)",D,True,10,5,"The explanation uses some relevant biological terminology, such as ""uric acid"" and ""guano,"" which contributes to clarity. However, the reasoning lacks a clear step-by-step approach and does not adequately justify why each option is considered or dismissed. The response also fails to apply scientific principles correctly, as it does not explain the excretion mechanisms of the organisms listed in the options, leading to a somewhat confusing and incomplete explanation.",Biology,6154.7
Question_Paper_2_p60_q165,Biology,Gemma2 9B,vanilla,Vanilla ANEETAA,"**Answer:** A: Ornithorhynchus 

**Explanation:**  Ornithorhynchus (Platypus) are unique mammals that excrete nitrogenous waste as a semi-solid pellet or paste. This is different from most other mammals who excrete nitrogenous waste primarily as urine.",D,False,0,4,"The explanation lacks clarity and depth, as it does not adequately use biological terminology or provide a structured response. The reasoning is weak, with no detailed mechanism or process described to justify why Ornithorhynchus excretes nitrogenous waste in this form. Additionally, the explanation does not apply scientific principles effectively, as it fails to compare the excretion methods of other options or explain the biological significance of excreting waste as a pellet or paste.",Biology,5270.6
Question_Paper_2_p60_q165,Biology,Gemma2 9B,dspy_baseline,DSPy Baseline,A,D,False,0,2,"The explanation lacks clarity and logical reasoning, as it does not provide any biological terminology or structured reasoning to justify the choice of option A. There is no step-by-step approach or application of scientific principles to explain why Ornithorhynchus would excrete nitrogenous waste in the form of pellets or paste. The response fails to demonstrate an understanding of the biological processes involved in excretion for the given options.",Biology,5316.4
Question_Paper_2_p60_q165,Biology,Gemma2 9B,dspy_bootstrap,DSPy Bootstrap,A,D,False,0,2,"The explanation lacks clarity and logical reasoning, as it does not provide any biological terminology or structured reasoning to justify the choice of option A. There is no step-by-step approach or application of scientific principles to explain why Ornithorhynchus would excrete nitrogenous waste in the form of pellets or paste. The response fails to demonstrate an understanding of the biological processes involved in excretion for the given options.",Biology,2504.0
Question_Paper_2_p60_q165,Biology,Gemma2 9B,dspy_mipro,DSPy MIPROv2,A,D,False,0,2,"The explanation lacks clarity as it does not provide any biological terminology or structured reasoning to support the choice of answer. There is no logical reasoning or step-by-step approach presented to justify why Ornithorhynchus would excrete nitrogenous waste in the form of pellets or paste. The response fails to apply any scientific principles or methodology, making it difficult to assess the correctness of the method.",Biology,5384.2
Question_Paper_2_p60_q165,Biology,Mistral Nemo 12B,vanilla,Vanilla ANEETAA,"The correct answer is B: Salamandra. Salamanders, like many amphibians, excrete nitrogenous waste primarily as uric acid, which forms a white paste or pellet. This is due to their efficient recycling of water and other nutrients.

Explanation:
- Ornithorhynchus (A) is the platypus, which excretes urea like mammals.
- Hippocampus (C) is a seahorse, which also excretes urea.
- Pavo (D) is the peacock, a bird that excretes uric acid but not in the form of pellets or paste.",D,False,0,5,"The explanation lacks clarity and correctness in biological terminology and principles. It incorrectly states that salamanders excrete uric acid, which is not typical for amphibians; they usually excrete ammonia or urea. The logical reasoning is weak as it fails to provide a step-by-step justification for why salamanders would excrete waste in pellet or paste form, and it incorrectly dismisses birds, which do excrete uric acid in a paste form. The response does not adequately apply scientific principles to support its claims.",Biology,6965.4
Question_Paper_2_p60_q165,Biology,Mistral Nemo 12B,dspy_baseline,DSPy Baseline,A,D,False,0,2,"The response lacks any explanation or reasoning for the choice of answer. There is no use of biological terminology, no logical reasoning or step-by-step approach provided, and no application of scientific principles to justify the selection of option A. The explanation quality is poor as it does not meet any of the evaluation criteria.",Biology,10085.1
Question_Paper_2_p60_q165,Biology,Mistral Nemo 12B,dspy_bootstrap,DSPy Bootstrap,C,D,False,0,2,The response lacks clarity and logical reasoning as it does not provide any explanation or justification for choosing option C. There is no use of biological terminology or a structured approach to explain why nitrogenous waste would be excreted in the form of a pellet or paste by the selected organism. The response fails to demonstrate any understanding of the biological principles involved in the excretion process.,Biology,6319.6
Question_Paper_2_p60_q165,Biology,Mistral Nemo 12B,dspy_mipro,DSPy MIPROv2,A,D,False,0,2,"The response lacks any explanation or reasoning for the choice of answer. There is no use of biological terminology, no logical reasoning or step-by-step approach, and no application of scientific principles to justify the selection of option A. The explanation quality is poor as it does not provide any insight into the thought process or biological understanding behind the answer.",Biology,8734.7
Question_Paper_5_p9_q25,Physics,Llama 3.1 8B,vanilla,Vanilla ANEETAA,"The correct answer is option (C): 10^{-5} A/m^2 

Given, 
R = 10 Ω 
l = 10 m 
r = \frac{10^{-2}}{\sqrt{\pi}} m 
E = 10 V/m 
We know that the resistance of a wire is given by: R=\frac{\rho l}{A} 
Where ρ is the resistivity, l is the length and A is the cross-sectional area. 
Rearranging for ρ, we get: \rho=\frac{RA}{l} 
The cross-sectional area (A) of a wire is given by: A = πr^2 
Substituting the values, we get: \rho=\frac{(10)(\pi)\left(\frac{10^{-2}}{\sqrt{\pi}}\right)^2}{10}=10^{-4} \Omega m 
We know that current density (J) is given by: J = \frac{E}{ρ} 
Substituting the values, we get: J=\frac{10}{10^{-4}}=10^5 A/m^2",D,False,0,8,"The explanation is clear and uses proper terminology, with well-defined variables and equations, contributing to a high clarity score. The logical reasoning is strong, as the solver provides a step-by-step approach, clearly showing the derivation of resistivity and current density. However, there is a minor inconsistency in the final answer selection, which slightly affects the overall correctness of the method, but the explanation quality remains high.",Physics,6974.3
Question_Paper_5_p9_q25,Physics,Llama 3.1 8B,dspy_baseline,DSPy Baseline,A,D,False,0,3,"The explanation lacks clarity and logical reasoning, as it does not provide any step-by-step approach or justification for the answer choice. There is no use of proper terminology or definitions of variables, and the response fails to apply any relevant physics principles or equations to solve the problem. The explanation is essentially non-existent, making it difficult to assess the reasoning behind the answer.",Physics,14465.0
Question_Paper_5_p9_q25,Physics,Llama 3.1 8B,dspy_bootstrap,DSPy Bootstrap,C,D,False,0,3,"The explanation lacks clarity and logical reasoning, as it does not provide any step-by-step approach or justification for the chosen answer. There is no use of proper terminology or definitions of variables, and the response fails to apply any relevant physics principles or equations to solve the problem. The explanation is essentially non-existent, making it difficult to assess the reasoning behind the answer choice.",Physics,4907.3
Question_Paper_5_p9_q25,Physics,Llama 3.1 8B,dspy_mipro,DSPy MIPROv2,D: 10^5 A/m^2,D,True,10,4,"The explanation lacks clarity and logical reasoning, as it does not provide a step-by-step approach or define the variables and terms used. There is no clear explanation of the relationship between electric field strength, current density, and resistance, nor is there any use of relevant equations such as Ohm's Law or the formula for current density. The response fails to demonstrate the application of proper physics principles, making it difficult to follow the reasoning behind the chosen answer.",Physics,8637.7
Question_Paper_5_p9_q25,Physics,Gemma2 9B,vanilla,Vanilla ANEETAA,"**Solution:**

The current density (J) is defined as the current (I) per unit area (A):

J = I / A

We can relate the current to the electric field (E) using Ohm's law and the wire's resistance (R):

V = IR 

Where V is the voltage across the wire.  Since E = V/L (where L is the length of the wire), we have:

E = IR / L

Solving for I, we get:

I = EL / R

Now, substitute this value of I into the equation for J:

J = (EL / R) / A

The area of a wire is given by A = πr², where r is the radius.  Substituting the values given in the problem:

J = (10 V/m * 10 m) / (10 Ω * π(10⁻² / √π)² m²)

Simplifying this expression gives us:

J = 10^6 A/m²




**Answer:** B",D,False,0,8,"The explanation is clear and uses proper terminology, with a well-structured response that defines variables and equations appropriately. The logical reasoning is strong, as it follows a step-by-step approach, clearly showing the derivation of current density from the given parameters using Ohm's law and the formula for the area of a wire. The method is correct, applying relevant physics principles accurately, though the explanation could be slightly improved by explicitly stating the substitution of numerical values in the final step.",Physics,7439.0
Question_Paper_5_p9_q25,Physics,Gemma2 9B,dspy_baseline,DSPy Baseline,B,D,False,0,3,"The explanation lacks clarity and logical reasoning, as it does not provide any step-by-step approach or justification for the chosen answer. There is no use of proper terminology or definitions of variables, and the response fails to apply any relevant physics principles or equations to solve the problem. The explanation is essentially non-existent, making it difficult to assess the reasoning behind the answer choice.",Physics,10923.4
Question_Paper_5_p9_q25,Physics,Gemma2 9B,dspy_bootstrap,DSPy Bootstrap,C,D,False,0,2,"The explanation lacks clarity and logical reasoning, as it does not provide any step-by-step approach or justification for the chosen answer. There is no use of proper terminology or definitions of variables, and the response fails to apply any relevant physics principles or equations to solve the problem. The explanation is essentially non-existent, making it difficult to assess the reasoning behind the answer choice.",Physics,8296.1
Question_Paper_5_p9_q25,Physics,Gemma2 9B,dspy_mipro,DSPy MIPROv2,D,D,True,10,3,"The explanation lacks clarity and logical reasoning, as it does not provide any step-by-step approach or justification for the chosen answer. There is no use of proper terminology or definitions of variables, and the response fails to apply any scientific principles or equations to solve the problem. The explanation is essentially non-existent, offering only a final answer without any supporting reasoning.",Physics,8256.1
Question_Paper_5_p9_q25,Physics,Mistral Nemo 12B,vanilla,Vanilla ANEETAA,"The correct answer is B: 10^6 A/m^2.

Explanation:
The current density (J) can be calculated using the formula J = E / ρ, where E is the electric field strength and ρ is the resistivity of the material. The resistivity (ρ) can be found using the formula ρ = R * A / L, where R is the resistance, A is the cross-sectional area of the wire, and L is the length of the wire.

First, let's find the cross-sectional area (A) of the wire:
A = π * r^2
A = π * (10^-2)^2
A = π * 10^-4 m^2

Next, we calculate the resistivity (ρ):
ρ = R * A / L
ρ = 10 Ω * π * 10^-4 m^2 / 10 m
ρ ≈ 3.14 * 10^-5 Ωm

Now, we can find the current density (J):
J = E / ρ
J = 10 V/m / 3.14 * 10^-5 Ωm
J ≈ 3.18 * 10^6 A/m^2

So, the current density in the wire is approximately 3.18 * 10^6 A/m^2, which is closest to option B: 10^6 A/m^2.

Translation:
The correct answer is B: 10^6 A/m^2.

Explanation:
The current density (J) can be calculated using the formula J = E / ρ, where E is the electric field strength and ρ is the resistivity of the material. The resistivity (ρ) can be found using the formula ρ = R * A / L, where R is the resistance, A is the cross-sectional area of the wire, and L is the length of the wire.

First, let's find the cross-sectional area (A) of the wire:
A = π * r^2
A = π * (10^-2)^2
A = π * 10^-4 m^2

Next, we calculate the resistivity (ρ):
ρ = R * A / L
ρ = 10 Ω * π * 10^-4 m^2 / 10 m
ρ ≈ 3.14 * 10^-5 Ωm

Now, we can find the current density (J):
J = E / ρ
J = 10 V/m / 3.14 * 10^-5 Ωm
J ≈ 3.18 * 10^6 A/m^2

So, the current density in the wire is approximately 3.18 * 10^6 A/m^2, which is closest to option B: 10^6 A/m^2.

Translation:
The correct answer is B: 10^6 A/m^2.

Explanation:
The current density (J) can be calculated using the formula J = E / ρ, where E is the electric field strength and ρ is the resistivity of the material. The resistivity (ρ) can be found using the formula ρ = R * A / L, where R is the resistance, A is the cross-sectional area of the wire, and L is the length of the wire.

First, let's find the cross-sectional area (A) of the wire:
A = π * r^2
A = π * (10^-2)^2
A = π * 10^-4 m^2

Next, we calculate the resistivity (ρ):
ρ = R * A / L
ρ = 10 Ω * π * 10^-4 m^2 / 10 m
ρ ≈ 3.14 * 10^-5 Ωm

Now, we can find the current density (J):
J = E / ρ
J = 10 V/m / 3.14 * 10^-5 Ωm
J ≈ 3.18 * 10^6 A/m^2

So, the current density in the wire is approximately 3.18 * 10^6 A/m^2, which is closest to option B: 10^6 A/m^2.",D,False,0,9,"The explanation is clear and well-structured, using proper terminology and defining variables appropriately. The logical reasoning is strong, with a step-by-step approach that includes all necessary equations and calculations, making it easy to follow the process. The method is correctly applied, demonstrating a solid understanding of the physics principles involved in calculating current density.",Physics,18407.9
Question_Paper_5_p9_q25,Physics,Mistral Nemo 12B,dspy_baseline,DSPy Baseline,D: 10^5 A/m^2,D,True,10,3,"The explanation lacks clarity and logical reasoning, as it does not provide any step-by-step approach or justification for the answer choice. There is no use of proper terminology or definitions of variables, and the response fails to apply any scientific principles or equations to solve the problem. The explanation is essentially non-existent, offering only the final answer without any supporting reasoning.",Physics,11810.8
Question_Paper_5_p9_q25,Physics,Mistral Nemo 12B,dspy_bootstrap,DSPy Bootstrap,B,D,False,0,2,"The explanation lacks clarity and logical reasoning as it does not provide any step-by-step approach or justification for the chosen answer. There is no use of proper terminology or definitions of variables, and the response fails to apply any scientific principles or equations to solve the problem. The explanation is essentially non-existent, offering only a final answer without any supporting reasoning.",Physics,7769.9
Question_Paper_5_p9_q25,Physics,Mistral Nemo 12B,dspy_mipro,DSPy MIPROv2,C,D,False,0,3,"The explanation lacks clarity and logical reasoning, as it does not provide any step-by-step approach or justification for the chosen answer. There is no use of proper terminology or definitions of variables, and the response fails to apply relevant physics principles or equations, such as Ohm's Law or the relationship between current density, electric field, and resistivity. The explanation is incomplete and does not guide the reader through the problem-solving process.",Physics,11055.5
